지하철역ID,지하철역명,지하철호선ID,지하철호선명,이전지하철역ID,다음지하철역ID,이전지하철역명,다음지하철역명,지하철역X좌표,지하철역Y좌표
1009000931,삼전,1009,9호선,1009000930,1009000932,삼전,삼전,127.08736363126373,37.504549097056476
1009000932,석촌고분,1009,9호선,1009000931,1009000933,석촌고분,석촌고분,127.0965081858022,37.50246245994369
1009000933,석촌,1009,9호선,1009000932,1009000934,석촌,석촌,127.10676479806769,37.504972845773686
1009000934,송파나루,1009,9호선,1009000933,1009000935,송파나루,송파나루,127.11266171422027,37.51101671275264
1009000935,한성백제,1009,9호선,1009000934,1009000936,한성백제,한성백제,127.116449169971,37.5165379932802
1009000936,올림픽공원,1009,9호선,1009000935,1009000937,올림픽공원,올림픽공원,127.130252931248,37.5161163241813
1009000938,중앙보훈병원,1009,9호선,1009000937,1009000938,중앙보훈병원,중앙보훈병원,127.14841167813621,37.52840258997037
1078330016,가재울,1078,인천2호선,1078330015,1078330017,가재울,가재울,126.683769149033,37.4841504406643
1092004710,정릉,1092,우이신설선,1092004709,1092004711,정릉,정릉,127.013539545056,37.602614606648
1078330019,시민공원,1078,인천2호선,1078330018,1078330020,시민공원,시민공원,126.681074618963,37.4583852139167
1078330020,석바위시장,1078,인천2호선,1078330019,1078330021,석바위시장,석바위시장,126.692353074376,37.4576690774014
1078330021,인천시청,1078,인천2호선,1078330020,1078330022,인천시청,인천시청,126.692353074376,37.4576690774014
1078330022,석천사거리,1078,인천2호선,1078330021,1078330023,석천사거리,석천사거리,126.710422456642,37.4567884972007
1078330023,모래내시장,1078,인천2호선,1078330022,1078330024,모래내시장,모래내시장,126.719621557604,37.4558628174958
1078330024,만수,1078,인천2호선,1078330023,1078330025,만수,만수,126.731736248865,37.4549755117309
1078330025,남동구청,1078,인천2호선,1078330024,1078330026,남동구청,남동구청,126.736565773149,37.4481747324298
1078330026,인천대공원,1078,인천2호선,1078330025,1078330027,인천대공원,인천대공원,126.752851963764,37.4484766105613
1067080129,천마산,1067,경춘선,1067080128,1067080130,천마산,천마산,127.285062700362,37.6592276778117
1067080130,마석,1067,경춘선,1067080129,1067080131,마석,마석,127.311686554885,37.652792215501
1067080131,대성리,1067,경춘선,1067080130,1067080132,대성리,대성리,127.379706254541,37.6839900741502
1067080132,청평,1067,경춘선,1067080131,1067080133,청평,청평,127.426622860785,37.7355163992466
1067080133,상천,1067,경춘선,1067080132,1067080134,상천,상천,127.454515681516,37.7701784041516
1067080134,가평,1067,경춘선,1067080133,1067080135,가평,가평,127.51073942455,37.8145200514507
1067080135,굴봉산,1067,경춘선,1067080134,1067080136,굴봉산,굴봉산,127.557769861431,37.8320661917515
1067080136,백양리,1067,경춘선,1067080135,1067080137,백양리,백양리,127.589324987859,37.8307917497493
1067080137,강촌,1067,경춘선,1067080136,1067080138,강촌,강촌,127.634151572422,37.805721704842
1067080138,김유정,1067,경춘선,1067080137,1067080139,김유정,김유정,127.714323967766,37.8184490071056
1067080139,남춘천,1067,경춘선,1067080138,1067080140,남춘천,남춘천,127.723850659304,37.8640466747977
1067080140,춘천,1067,경춘선,1067080139,1067080140,춘천,춘천,127.716698593345,37.884512737384
1069073110,계양,1069,인천1호선,1069073110,1069073111,귤현,귤현,126.73633456381877,37.571517804153075
1069073111,귤현,1069,인천1호선,1069073110,1069073112,귤현,귤현,126.742679119614,37.5662988350728
1069073112,박촌,1069,인천1호선,1069073111,1069073113,박촌,박촌,126.74506746745,37.5536612597496
1069073113,임학,1069,인천1호선,1069073112,1069073114,임학,임학,126.738633379569,37.5450120455649
1069073114,계산,1069,인천1호선,1069073113,1069073115,계산,계산,126.7277312169,37.5433079533771
1003000309,원흥,1003,3호선,1003000317,1003000318,원흥,원흥,126.87302523491,37.6506921774602
1063075319,강매,1063,경의중앙선,1063075320,1063075318,강매,강매,126.84449823065067,37.6122904718741
1065006501,서울,1065,공항철도,1065006501,1065006502,공덕,공덕,126.96974961781686,37.55332892758497
1065006502,공덕,1065,공항철도,1065006501,1065006503,공덕,공덕,126.952602261123,37.5423148868697
1065006503,홍대입구,1065,공항철도,1065006502,1065006504,홍대입구,홍대입구,126.927010430346,37.5573052656667
1065006504,디지털미디어시티,1065,공항철도,1065006503,1065065042,디지털미디어시티,디지털미디어시티,126.89788185706144,37.57752092438604
1065006505,김포공항,1065,공항철도,1065065042,1065006506,김포공항,김포공항,126.8024731079849,37.561829756420224
1065006506,계양,1065,공항철도,1065006505,1065006507,계양,계양,126.73627367694554,37.57177084709832
1065006507,검암,1065,공항철도,1065006506,1065065071,검암,검암,126.67364220875055,37.56925281871912
1065065071,청라국제도시,1065,공항철도,1065006507,1065065072,청라국제도시,청라국제도시,126.62465841357525,37.55646453155236
1065006509,공항화물청사,1065,공항철도,1065006508,1065006510,공항화물청사,공항화물청사,126.47751440637,37.4590625046021
1065006510,인천공항1터미널,1065,공항철도,1065006509,1065006510,인천공항1터미널,인천공항1터미널,126.45258454579164,37.44752854508576
1065006511,인천공항2터미널,1065,공항철도,1065006510,1065006511,인천공항2터미널,인천공항2터미널,126.433640888212,37.4688002145258
1071075250,오이도,1071,수인선,1071075250,1071075251,달월,달월,126.73892305019992,37.362929236026645
1071075251,달월,1071,수인선,1071075250,1071075252,달월,달월,126.74540347645,37.3800267658985
1071075252,월곶,1071,수인선,1071075251,1071075253,월곶,월곶,126.742707561155,37.3918207044367
1063075331,금촌,1063,경의중앙선,1063075333,1063075330,금촌,금촌,126.774633255205,37.7662265030421
1063075330,금릉,1063,경의중앙선,1063075331,1063075329,금릉,금릉,126.765410119425,37.7513389843704
1063075329,운정,1063,경의중앙선,1063075330,1063075328,운정,운정,126.76716330229101,37.72560181256856
1063075327,탄현,1063,경의중앙선,1063075328,1063075326,탄현,탄현,126.761078262576,37.6939889446111
1063075326,일산,1063,경의중앙선,1063075327,1063075325,일산,일산,126.7695084298458,37.68222907297604
1063075325,풍산,1063,경의중앙선,1063075326,1063075324,풍산,풍산,126.78608384011483,37.672668497783
1063075324,백마,1063,경의중앙선,1063075325,1063075323,백마,백마,126.7943339818477,37.65853599537713
1063075323,곡산,1063,경의중앙선,1063075324,1063075322,곡산,곡산,126.80160321314327,37.64607886227099
1063075322,대곡,1063,경의중앙선,1063075323,1063075321,대곡,대곡,126.8100094467358,37.631949960160085
1063075321,능곡,1063,경의중앙선,1063075322,1063075320,능곡,능곡,126.82063426387445,37.61898698884321
1063075320,행신,1063,경의중앙선,1063075321,1063075319,행신,행신,126.83428827682994,37.612121606726944
1063075318,화전,1063,경의중앙선,1063075319,1063075317,화전,화전,126.86832290956241,37.60297079813561
1063075317,수색,1063,경의중앙선,1063075318,1063075316,수색,수색,126.895659474538,37.5808625683358
1063075316,디지털미디어시티,1063,경의중앙선,1063075317,1063075315,디지털미디어시티,디지털미디어시티,126.90069067398757,37.57740168656261
1063075315,가좌,1063,경의중앙선,1063075316,1063075314,가좌,가좌,126.914815128053,37.5687433529646
1063075314,홍대입구,1063,경의중앙선,1063075315,1063075313,신촌(경의중앙선),신촌(경의중앙선),126.927118938976,37.5574494922411
1063075313,서강대,1063,경의중앙선,1063075314,1063075312,서강대,서강대,126.935507621173,37.5521384864879
1063075312,공덕,1063,경의중앙선,1063075313,1063075826,공덕,공덕,126.95271984059,37.5424735099283
1063075110,용산,1063,경의중앙선,1063075826,1063075111,용산,용산,126.96475753303035,37.52960692295435
1063075111,이촌,1063,경의중앙선,1063075110,1063075112,이촌,이촌,126.97354382085399,37.52241291408466
1063075335,문산,1063,경의중앙선,1063075335,1063075334,파주,파주,126.787395378931,37.854626895054
1063075334,파주,1063,경의중앙선,1063075335,1063075333,파주,파주,126.79269130281,37.8153655831005
1063075333,월롱,1063,경의중앙선,1063075334,1063075331,월롱,월롱,126.792585875504,37.7962146380874
1063075112,서빙고,1063,경의중앙선,1063075111,1063075113,서빙고,서빙고,126.98841094338457,37.519568139395346
1063075113,한남,1063,경의중앙선,1063075112,1063075114,한남,한남,127.009209110584,37.5294289189437
1063075114,옥수,1063,경의중앙선,1063075113,1063075115,옥수,옥수,127.01874455821252,37.540511901869166
1063075115,응봉,1063,경의중앙선,1063075114,1063075116,응봉,응봉,127.034483653629,37.5499526279456
1063075116,왕십리,1063,경의중앙선,1063075115,1063075117,왕십리,왕십리,127.0383329389645,37.56205814456861
1063075117,청량리,1063,경의중앙선,1063075116,1063075118,청량리,청량리,127.04786558187519,37.580279093795085
1063075118,회기,1063,경의중앙선,1063075117,1063075119,회기,회기,127.05782624137,37.5895296349726
1063075119,중랑,1063,경의중앙선,1063075118,1063075120,중랑,중랑,127.075680398461,37.5948425975025
1063075120,상봉,1063,경의중앙선,1063075119,1063075121,상봉,상봉,127.08515107127755,37.59671381067542
1063075121,망우,1063,경의중앙선,1063075120,1063075122,망우,망우,127.092367383432,37.5992960295399
1063075122,양원,1063,경의중앙선,1063075121,1063075123,양원,양원,127.107946139148,37.6066060557557
1063075123,구리,1063,경의중앙선,1063075122,1063075124,구리,구리,127.143350984187,37.6032707405088
1063075124,도농,1063,경의중앙선,1063075123,1063075125,도농,도농,127.161178663222,37.6087726045416
1063075125,양정,1063,경의중앙선,1063075124,1063075126,양정,양정,127.19466908658632,37.604027962835566
1063075126,덕소,1063,경의중앙선,1063075125,1063075127,덕소,덕소,127.208842710609,37.5868903292078
1063075127,도심,1063,경의중앙선,1063075126,1063075128,도심,도심,127.222683857886,37.579639075911
1063075128,팔당,1063,경의중앙선,1063075127,1063075129,팔당,팔당,127.243966151989,37.5473594340956
1063075129,운길산,1063,경의중앙선,1063075128,1063075130,운길산,운길산,127.310231608596,37.5546425431665
1063075130,양수,1063,경의중앙선,1063075129,1063075131,양수,양수,127.329138380916,37.5459634283124
1063075131,신원,1063,경의중앙선,1063075130,1063075132,신원,신원,127.373091698635,37.5255855578889
1063075132,국수,1063,경의중앙선,1063075131,1063075133,국수,국수,127.399309828929,37.5161871164552
1063075133,아신,1063,경의중앙선,1063075132,1063075134,아신,아신,127.443211499187,37.5139186008078
1063075134,오빈,1063,경의중앙선,1063075133,1063075135,오빈,오빈,127.473661407181,37.5061671737276
1063075135,양평(경의중앙선),1063,경의중앙선,1063075134,1063075136,양평(경의중앙선),양평(경의중앙선),127.492247611418,37.4926843397043
1063075136,원덕,1063,경의중앙선,1063075135,1063075137,원덕,원덕,127.546558679899,37.468781735546
1063075137,용문,1063,경의중앙선,1063075136,1063075138,용문,용문,127.593795306663,37.4818020661568
1063080312,신촌(경의중앙선),1063,경의중앙선,1063075315,1063080313,신촌(경의중앙선),신촌(경의중앙선),126.94208931819857,37.55967513765615
1063080313,서울,1063,경의중앙선,1063080312,1063080313,서울,서울,126.9713179064219,37.55693330961779
1067080119,광운대,1067,경춘선,1067080119,1067080120,광운대,광운대,127.061985215335,37.623916497664
1067080120,상봉,1067,경춘선,1067080118,1067080121,상봉,상봉,127.085085690038,37.5969733432502
1067080121,망우,1067,경춘선,1067080120,1067080122,망우,망우,127.091738656282,37.600017312378
1067080122,신내,1067,경춘선,1067080121,1067080123,신내,신내,127.10322521629693,37.61270546979327
1067080123,갈매,1067,경춘선,1067080122,1067080124,갈매,갈매,127.114760741021,37.6340689252244
1067080124,별내,1067,경춘선,1067080123,1067080125,별내,별내,127.126969149167,37.6420679726917
1091004800,인천공항1터미널,1091,자기부상선,1091004800,1091004801,장기주차장,장기주차장,126.452349810171,37.4476391820171
1092004703,4.19 민주묘지,1092,우이신설선,1092004702,1092004704,4.19 민주묘지,4.19 민주묘지,127.01369763482,37.6495307746374
1092004704,가오리,1092,우이신설선,1092004703,1092004705,가오리,가오리,127.01676896839822,37.6415440572233
1092004712,보문,1092,우이신설선,1092004711,1092004713,보문,보문,127.019550510271,37.5850444246949
1092004709,북한산보국문,1092,우이신설선,1092004708,1092004710,북한산보국문,북한산보국문,127.008263392003,37.6121367531121
1092004701,북한산우이,1092,우이신설선,1092004701,1092004702,솔밭공원,솔밭공원,127.01275713087601,37.66288704047998
1092004706,삼양,1092,우이신설선,1092004705,1092004707,삼양,삼양,127.018156780705,37.6269190539283
1092004707,삼양사거리,1092,우이신설선,1092004706,1092004708,삼양사거리,삼양사거리,127.020488845069,37.6213181360851
1092004711,성신여대입구,1092,우이신설선,1092004710,1092004712,성신여대입구,성신여대입구,127.016549589616,37.5923825668685
1092004702,솔밭공원,1092,우이신설선,1092004701,1092004703,솔밭공원,솔밭공원,127.013268181236,37.6559782562487
1092004708,솔샘,1092,우이신설선,1092004707,1092004709,솔샘,솔샘,127.01355180603669,37.620259575206596
1092004713,신설동,1092,우이신설선,1092004712,1092004713,신설동,신설동,127.02320708440578,37.576550995373644
1067080125,퇴계원,1067,경춘선,1067080124,1067080126,퇴계원,퇴계원,127.14353713662,37.6482657629059
1067080126,사릉,1067,경춘선,1067080125,1067080127,사릉,사릉,127.17692620365439,37.65112427884554
1067080127,금곡,1067,경춘선,1067080126,1067080128,금곡,금곡,127.207533674718,37.6373551430559
1067080128,평내호평,1067,경춘선,1067080127,1067080129,평내호평,평내호평,127.244438968688,37.6532138128125
1069073136,인천대입구,1069,인천1호선,1069073135,1069073137,인천대입구,인천대입구,126.639542234479,37.3862063921103
1069073137,센트럴파크,1069,인천1호선,1069073136,1069073138,센트럴파크,센트럴파크,126.634988814949,37.3928455432657
1069073138,국제업무지구,1069,인천1호선,1069073137,1069073138,국제업무지구,국제업무지구,126.630542158102,37.3996578386606
1071075253,소래포구,1071,수인선,1071075252,1071075254,소래포구,소래포구,126.733492081979,37.4009402347666
1071075254,인천논현,1071,수인선,1071075253,1071075255,인천논현,인천논현,126.722452080127,37.4006589466073
1071075255,호구포,1071,수인선,1071075254,1071075256,호구포,호구포,126.708683171095,37.4016421735726
1071075256,남동인더스파크,1071,수인선,1071075255,1071075257,남동인더스파크,남동인더스파크,126.695227491501,37.4077423820652
1071075257,원인재,1071,수인선,1071075256,1071075258,원인재,원인재,126.686457819329,37.4132120460243
1071075258,연수,1071,수인선,1071075257,1071075259,연수,연수,126.67874745918827,37.41792798381812
1071075259,송도,1071,수인선,1071075258,1071075261,송도,송도,126.654675713707,37.4299616326114
1075075209,청량리,1075,수인분당선,1075075209,1075075210,왕십리,왕십리,127.047847862522,37.5808953806814
1075075210,왕십리,1075,수인분당선,1075075209,1075075211,왕십리,왕십리,127.03878380532441,37.56063982853407
1075075211,서울숲,1075,수인분당선,1075075210,1075075212,서울숲,서울숲,127.044746216358,37.543645796605
1075075212,압구정로데오,1075,수인분당선,1075075211,1075075213,압구정로데오,압구정로데오,127.0406027693898,37.5275184818021
1075075213,강남구청,1075,수인분당선,1075075212,1075075214,강남구청,강남구청,127.0413109462156,37.51721617197854
1075075214,선정릉,1075,수인분당선,1075075213,1075075215,선정릉,선정릉,127.043627289129,37.5109326388803
1075075215,선릉,1075,수인분당선,1075075214,1075075216,선릉,선릉,127.04870992465413,37.505167825521674
1075075216,한티,1075,수인분당선,1075075215,1075075217,한티,한티,127.052909749417,37.4962857047653
1075075217,도곡,1075,수인분당선,1075075216,1075075218,도곡,도곡,127.05549883514037,37.49097398162934
1075075218,구룡,1075,수인분당선,1075075217,1075075219,구룡,구룡,127.059492941655,37.4870274262116
1075075219,개포동,1075,수인분당선,1075075218,1075075220,개포동,개포동,127.066120707828,37.4891394691891
1075075220,대모산입구,1075,수인분당선,1075075219,1075075221,대모산입구,대모산입구,127.073070274916,37.4915500752654
1075075221,수서,1075,수인분당선,1075075220,1075075222,수서,수서,127.10164479068416,37.48737530248858
1075075222,복정,1075,수인분당선,1075075221,1075075223,복정,복정,127.12657757539301,37.46904181976967
1075075223,가천대,1075,수인분당선,1075075222,1075075224,가천대,가천대,127.1266967573021,37.44856169280611
1075075224,태평,1075,수인분당선,1075075223,1075075225,태평,태평,127.12774980543841,37.43978918729356
1075075225,모란,1075,수인분당선,1075075224,1075075226,모란,모란,127.12913205625071,37.432056973841604
1075075226,야탑,1075,수인분당선,1075075225,1075075227,야탑,야탑,127.128742990837,37.4113736407028
1075075227,이매,1075,수인분당선,1075075226,1075075228,이매,이매,127.12828790116325,37.396209063853476
1075075228,서현,1075,수인분당선,1075075227,1075075229,서현,서현,127.123431479636,37.3850154269126
1075075229,수내,1075,수인분당선,1075075228,1075075230,수내,수내,127.114288846291,37.3784687674046
1063075826,효창공원앞,1063,경의중앙선,1063075312,1063075110,효창공원앞,효창공원앞,126.96282412672662,37.53860552677497
1069073115,경인교대입구,1069,인천1호선,1069073114,1069073116,경인교대입구,경인교대입구,126.722631302651,37.538124360683
1069073116,작전,1069,인천1호선,1069073115,1069073117,작전,작전,126.722560827351,37.5302710952892
1069073117,갈산,1069,인천1호선,1069073116,1069073118,갈산,갈산,126.721550773775,37.5171177260985
1069073118,부평구청,1069,인천1호선,1069073117,1069073119,부평구청,부평구청,126.720583092527,37.5084658276667
1069073119,부평시장,1069,인천1호선,1069073118,1069073120,부평시장,부평시장,126.722285373949,37.4983641942962
1069073120,부평,1069,인천1호선,1069073119,1069073121,부평,부평,126.723454741807,37.4903768319169
1069073121,동수,1069,인천1호선,1069073120,1069073122,동수,동수,126.718606270842,37.4855071635951
1069073122,부평삼거리,1069,인천1호선,1069073121,1069073123,부평삼거리,부평삼거리,126.71029378166388,37.477834830017315
1069073123,간석오거리,1069,인천1호선,1069073122,1069073124,간석오거리,간석오거리,126.707918490817,37.4670826685298
1069073124,인천시청,1069,인천1호선,1069073123,1069073125,인천시청,인천시청,126.70223575350143,37.45773583769292
1069073125,예술회관,1069,인천1호선,1069073124,1069073126,예술회관,예술회관,126.700916120922,37.4485259845342
1069073126,인천터미널,1069,인천1호선,1069073125,1069073127,인천터미널,인천터미널,126.699694889876,37.4419166733897
1069073127,문학경기장,1069,인천1호선,1069073126,1069073128,문학경기장,문학경기장,126.698449383593,37.4346513434001
1069073128,선학,1069,인천1호선,1069073127,1069073129,선학,선학,126.69892316532737,37.4269470843403
1069073129,신연수,1069,인천1호선,1069073128,1069073130,신연수,신연수,126.694019681969,37.4181081550544
1069073130,원인재,1069,인천1호선,1069073129,1069073131,원인재,원인재,126.687889114089,37.4123688782408
1069073131,동춘,1069,인천1호선,1069073130,1069073132,동춘,동춘,126.680851046438,37.404576119239
1069073132,동막,1069,인천1호선,1069073131,1069073133,동막,동막,126.673448014592,37.3979424375979
1069073133,캠퍼스타운,1069,인천1호선,1069073132,1069073134,캠퍼스타운,캠퍼스타운,126.662206121031,37.38844295632
1069073134,테크노파크,1069,인천1호선,1069073133,1069073135,테크노파크,테크노파크,126.656299104753,37.3822809834253
1069073135,지식정보단지,1069,인천1호선,1069073134,1069073136,지식정보단지,지식정보단지,126.645861381029,37.37750721892
1075075230,정자,1075,수인분당선,1075075229,1075075231,정자,정자,127.108097457244,37.3661737923199
1075075231,미금,1075,수인분당선,1075075230,1075075232,미금,미금,127.10900662549734,37.35007159880101
1075075232,오리,1075,수인분당선,1075075231,1075075233,오리,오리,127.108948940053,37.3398305519823
1075075233,죽전,1075,수인분당선,1075075232,1075075234,죽전,죽전,127.107505020642,37.3243773830569
1075075234,보정,1075,수인분당선,1075075233,1075075235,보정,보정,127.108336816968,37.3127749181936
1075075235,구성,1075,수인분당선,1075075234,1075075236,구성,구성,127.105695833197,37.2989770487314
1077000687,강남,1077,신분당선,1077000687,1077000688,양재,양재,127.028185245594,37.4967771303817
1092004705,화계,1092,우이신설선,1092004704,1092004706,화계,화계,127.017510491529,37.6340873974011
1078330003,검단사거리,1078,인천2호선,1078330002,1078330004,검단사거리,검단사거리,126.65643839271,37.6016612295398
1091004801,장기주차장,1091,자기부상선,1091004800,1091004802,장기주차장,장기주차장,126.45562030781,37.4438953040571
1091004802,합동청사,1091,자기부상선,1091004801,1091004803,합동청사,합동청사,126.458659841085,37.440481844271
1091004803,파라다이스 시티,1091,자기부상선,1091004802,1091004804,파라다이스 시티,파라다이스 시티,126.459863313506,37.4371752560381
1091004804,워터파크,1091,자기부상선,1091004803,1091004805,워터파크,워터파크,126.43416991116,37.4291910812658
1091004805,용유,1091,자기부상선,1091004804,1091004805,용유,용유,126.423646323362,37.4248334335062
1065006508,운서,1065,공항철도,1065065072,1065006509,운서,운서,126.493729942049,37.4928088834418
1093004001,소사,1093,서해선,1093004001,1093004002,소새울,소새울,126.79506057713336,37.482905634947286
1093004002,소새울,1093,서해선,1093004001,1093004003,소새울,소새울,126.797283854897,37.4685095548124
1093004003,시흥대야,1093,서해선,1093004002,1093004004,시흥대야,시흥대야,126.792993796201,37.4500998726813
1093004004,신천,1093,서해선,1093004003,1093004005,신천,신천,126.78678508124932,37.43924604520613
1093004005,신현,1093,서해선,1093004004,1093004006,신현,신현,126.787838368873,37.40956486776796
1093004006,시흥시청,1093,서해선,1093004005,1093004007,시흥시청,시흥시청,126.80594809695735,37.38156161940996
1093004007,시흥능곡,1093,서해선,1093004006,1093004008,시흥능곡,시흥능곡,126.808721340419,37.3699465347315
1093004008,달미,1093,서해선,1093004007,1093004009,달미,달미,126.809416088572,37.3487879549025
1093004009,선부,1093,서해선,1093004008,1093004010,선부,선부,126.809989544577,37.3344084544244
1093004010,초지,1093,서해선,1093004009,1093004011,초지,초지,126.807842296925,37.3197434069867
1093004011,원곡,1093,서해선,1093004010,1093004012,원곡,원곡,126.79574223454856,37.313163621585524
1093004012,원시,1093,서해선,1093004011,1093004012,원시,원시,126.786793532374,37.3026237626179
1077006813,미금,1077,신분당선,1077006812,1077006814,미금,미금,127.10879895547586,37.35007178997763
1065065042,마곡나루,1065,공항철도,1065006504,1065006505,마곡나루,마곡나루,126.827420928424,37.5667126094974
1001080144,금천구청,1001,1호선,1001080143,1001080145,금천구청,금천구청,126.893608614581,37.4561943743749
1001080145,석수,1001,1호선,1001080144,1001080146,석수,석수,126.90232078368835,37.43509293822681
1001080146,관악,1001,1호선,1001080145,1001080147,관악,관악,126.90849999541258,37.41956795517324
1001080147,안양,1001,1호선,1001080146,1001080148,안양,안양,126.922729807594,37.4016838636508
1001080148,명학,1001,1호선,1001080147,1001080149,명학,명학,126.935592791667,37.3844604191546
1001080149,금정,1001,1호선,1001080148,1001080150,금정,금정,126.94327003910128,37.37233746119409
1001080150,군포,1001,1호선,1001080149,1001080151,군포,군포,126.948517502286,37.35419227847359
1001080151,당정,1001,1호선,1001080150,1001080152,당정,당정,126.94837119045768,37.343689819399884
1001080152,의왕,1001,1호선,1001080151,1001080153,의왕,의왕,126.9479765012,37.3203421132836
1001080153,성균관대,1001,1호선,1001080152,1001080154,성균관대,성균관대,126.971022000022,37.3003290017027
1001080154,화서,1001,1호선,1001080153,1001080155,화서,화서,126.9896120326472,37.2840016829776
1001080155,수원,1001,1호선,1001080154,1001080156,수원,수원,127.00004960484385,37.26568218296588
1001080156,세류,1001,1호선,1001080155,1001080157,세류,세류,127.01379969649852,37.243872520123844
1001080157,병점,1001,1호선,1001080156,1001080158,병점,병점,127.03320037309325,37.206752699495524
1001080158,세마,1001,1호선,1001080157,1001080159,서동탄,서동탄,127.043426817312,37.1871352848477
1001080159,오산대,1001,1호선,1001080158,1001080160,오산대,오산대,127.063075726398,37.1693504386917
1001080160,오산,1001,1호선,1001080159,1001080161,오산,오산,127.066630122646,37.1447171633287
1001080161,진위,1001,1호선,1001080160,1001080162,진위,진위,127.062355993621,37.1100790285838
1001080162,송탄,1001,1호선,1001080161,1001080163,송탄,송탄,127.05428046136659,37.0757126572027
1001080163,서정리,1001,1호선,1001080162,1001080164,서정리,서정리,127.052881703722,37.0565637021655
1001080164,지제,1001,1호선,1001080163,1001080165,지제,지제,127.07051382655925,37.01890215095567
1001080165,평택,1001,1호선,1001080164,1001080166,평택,평택,127.085272971043,36.9908490091432
1001080166,성환,1001,1호선,1001080165,1001080167,성환,성환,127.126837110236,36.9159530167598
1001080167,직산,1001,1호선,1001080166,1001080168,직산,직산,127.143823728817,36.8709328418739
1001080168,두정,1001,1호선,1001080167,1001080169,두정,두정,127.14894257701431,36.833981274461074
1001080169,천안,1001,1호선,1001080168,1001080170,천안,천안,127.14648879876161,36.81052305989757
1001080170,봉명,1001,1호선,1001080169,1001080171,봉명,봉명,127.1360381121,36.8014198330363
1001080171,쌍용(나사렛대),1001,1호선,1001080170,1001080172,쌍용(나사렛대),쌍용(나사렛대),210847.1162,366121.8277
1001080172,아산,1001,1호선,1001080171,1001080173,아산,아산,127.104076682696,36.7921165665983
1001080174,배방,1001,1호선,1001080173,1001080175,배방,배방,127.052788090648,36.7776965014173
1001080175,온양온천,1001,1호선,1001080174,1001080176,온양온천,온양온천,127.003181472942,36.7805448837693
1001080176,신창,1001,1호선,1001080175,1001080176,신창,신창,126.951393082675,36.7696422998843
1001801571,서동탄,1001,1호선,1001080157,1001801571,서동탄,서동탄,127.051856779194,37.1957351505295
1002000233,대림,1002,2호선,1002000232,1002000234,대림,대림,126.894931036051,37.4933099444417
1007000709,장암,1007,7호선,1007000709,1007000710,도봉산,도봉산,127.052818310578,37.699956566426
1003000323,녹번,1003,3호선,1003000322,1003000324,녹번,녹번,126.935828008217,37.6008067681825
1007000725,군자,1007,7호선,1007000724,1007000726,군자,군자,127.079844019721,37.5577765558418
1007000726,어린이대공원,1007,7호선,1007000725,1007000727,어린이대공원,어린이대공원,127.07465525507352,37.54796087622509
1007000727,건대입구,1007,7호선,1007000726,1007000728,건대입구,건대입구,127.071104284458,37.5408686005702
1007000728,뚝섬유원지,1007,7호선,1007000727,1007000729,뚝섬유원지,뚝섬유원지,127.066796230331,37.5315583755646
1007000729,청담,1007,7호선,1007000728,1007000730,청담,청담,127.053717937903,37.519455579961
1003000324,홍제,1003,3호선,1003000323,1003000325,홍제,홍제,126.944158007985,37.5887953806088
1003000325,무악재,1003,3호선,1003000324,1003000326,무악재,무악재,126.950230954136,37.5825632263526
1003000326,독립문,1003,3호선,1003000325,1003000327,독립문,독립문,126.95791371132584,37.57446627898665
1003000327,경복궁,1003,3호선,1003000326,1003000328,경복궁,경복궁,126.973691352767,37.5758061234865
1003000328,안국,1003,3호선,1003000327,1003000329,안국,안국,126.98542143228659,37.57650192060523
1003000329,종로3가,1003,3호선,1003000328,1003000330,종로3가,종로3가,126.992153252476,37.570420844523
1003000330,을지로3가,1003,3호선,1003000329,1003000331,을지로3가,을지로3가,126.992615486076,37.5664312655685
1003000331,충무로,1003,3호선,1003000330,1003000332,충무로,충무로,126.994150735779,37.5613965840169
1003000332,동대입구,1003,3호선,1003000331,1003000333,동대입구,동대입구,127.00531600900922,37.55905581925076
1003000333,약수,1003,3호선,1003000332,1003000334,약수,약수,127.010891666957,37.5545053994984
1003000334,금호,1003,3호선,1003000333,1003000335,금호,금호,127.01582916945283,37.548260922874086
1003000335,옥수,1003,3호선,1003000334,1003000336,옥수,옥수,127.017393782846,37.5415662783673
1003000336,압구정,1003,3호선,1003000335,1003000337,압구정,압구정,127.02850865895756,37.52649127416921
1003000337,신사,1003,3호선,1003000336,1003000338,신사,신사,127.02030856272764,37.51643597531432
1003000338,잠원,1003,3호선,1003000337,1003000339,잠원,잠원,127.011419491429,37.5128899169357
1003000339,고속터미널,1003,3호선,1003000338,1003000340,고속터미널,고속터미널,127.00512100872538,37.50454885557265
1003000340,교대,1003,3호선,1003000339,1003000341,교대,교대,127.013867969161,37.4927431676548
1003000341,남부터미널,1003,3호선,1003000340,1003000342,남부터미널,남부터미널,127.01620028391,37.4851996335293
1003000342,양재,1003,3호선,1003000341,1003000343,양재,양재,127.03416413380752,37.48457681195669
1003000343,매봉,1003,3호선,1003000342,1003000344,매봉,매봉,127.046711448388,37.4869394661317
1003000344,도곡,1003,3호선,1003000343,1003000345,도곡,도곡,127.05549883514037,37.49097398162934
1003000345,대치,1003,3호선,1003000344,1003000346,대치,대치,127.063203409529,37.4944966528582
1003000346,학여울,1003,3호선,1003000345,1003000347,학여울,학여울,127.071166599707,37.4968851977644
1003000347,대청,1003,3호선,1003000346,1003000348,대청,대청,127.07952812085006,37.49370832148055
1003000348,일원,1003,3호선,1003000347,1003000349,일원,일원,127.084129757128,37.4839886684666
1003000349,수서,1003,3호선,1003000348,1003000350,수서,수서,127.102410530715,37.487560248798
1003000350,가락시장,1003,3호선,1003000349,1003000351,가락시장,가락시장,127.11764173832,37.4922493218664
1003000351,경찰병원,1003,3호선,1003000350,1003000352,경찰병원,경찰병원,127.124482397777,37.4960049150853
1003000352,오금,1003,3호선,1003000351,1003000352,오금,오금,127.12848280775154,37.50232208779385
1004000409,당고개,1004,4호선,1004000409,1004000410,상계,상계,127.079066619316,37.6702168353314
1004000410,상계,1004,4호선,1004000409,1004000411,상계,상계,127.073421632239,37.660720544722
1007000737,남성,1007,7호선,1007000736,1007000738,남성,남성,126.97091020065321,37.484793511299706
1007000738,숭실대입구,1007,7호선,1007000737,1007000739,숭실대입구,숭실대입구,126.953621963422,37.4963172817574
1007000739,상도,1007,7호선,1007000738,1007000740,상도,상도,126.947917975554,37.5028706251049
1007000740,장승배기,1007,7호선,1007000739,1007000741,장승배기,장승배기,126.939072381356,37.5048990621814
1007000741,신대방삼거리,1007,7호선,1007000740,1007000742,신대방삼거리,신대방삼거리,126.92821094566965,37.499757228908564
1007000742,보라매,1007,7호선,1007000741,1007000743,보라매,보라매,126.92061230710924,37.49992085496506
1007000743,신풍,1007,7호선,1007000742,1007000744,신풍,신풍,126.90975434386,37.5001229935524
1007000744,대림,1007,7호선,1007000743,1007000745,대림,대림,126.896722858042,37.4928430008915
1007000745,남구로,1007,7호선,1007000744,1007000746,남구로,남구로,126.88741505160269,37.48625714438263
1007000746,가산디지털단지,1007,7호선,1007000745,1007000747,가산디지털단지,가산디지털단지,126.882661758356,37.4803959660982
1007000747,철산,1007,7호선,1007000746,1007000748,철산,철산,126.868211027014,37.4761928424537
1007000748,광명사거리,1007,7호선,1007000747,1007000749,광명사거리,광명사거리,126.854873735158,37.4792983082726
1007000749,천왕,1007,7호선,1007000748,1007000750,천왕,천왕,126.83860534807998,37.48685558277736
1007000750,온수,1007,7호선,1007000749,1007000751,온수,온수,126.823847928009,37.4919675365056
1007000751,까치울,1007,7호선,1007000750,1007000752,까치울,까치울,126.81133962285816,37.506227351130065
1007000752,부천종합운동장,1007,7호선,1007000751,1007000753,부천종합운동장,부천종합운동장,126.797233841984,37.5054255130821
1007000753,춘의,1007,7호선,1007000752,1007000754,춘의,춘의,126.786996627015,37.5036991939036
1007000754,신중동,1007,7호선,1007000753,1007000755,신중동,신중동,126.776897204578,37.5029525402622
1007000755,부천시청,1007,7호선,1007000754,1007000756,부천시청,부천시청,126.76401271224958,37.504657430273305
1007000756,상동,1007,7호선,1007000755,1007000757,상동,상동,126.753192450274,37.50578860265
1007000757,삼산체육관,1007,7호선,1007000756,1007000758,삼산체육관,삼산체육관,126.7414221320359,37.50650314706075
1007000758,굴포천,1007,7호선,1007000757,1007000759,굴포천,굴포천,126.7313475774674,37.50704649360379
1007000759,부평구청,1007,7호선,1007000758,1007000759,부평구청,부평구청,126.72143971800028,37.50743350044892
1008000812,강동구청,1008,8호선,1008000811,1008000813,강동구청,강동구청,127.12044373032,37.5302111983522
1008000813,몽촌토성,1008,8호선,1008000812,1008000814,몽촌토성,몽촌토성,127.11286534895457,37.5178055794687
1008000814,잠실,1008,8호선,1008000813,1008000815,잠실,잠실,127.103270523629,37.5143121584933
1008000815,석촌,1008,8호선,1008000814,1008000816,석촌,석촌,127.107004062699,37.5054141216925
1008000816,송파,1008,8호선,1008000815,1008000817,송파,송파,127.112193506363,37.4997149535067
1008000817,가락시장,1008,8호선,1008000816,1008000818,가락시장,가락시장,127.118262745146,37.4930992522183
1008000818,문정,1008,8호선,1008000817,1008000819,문정,문정,127.122484886901,37.4860310539381
1008000819,장지,1008,8호선,1008000818,1008000820,장지,장지,127.12617656737,37.4786316933099
1006000646,화랑대,1006,6호선,1006000645,1006000647,화랑대,화랑대,127.08354181123269,37.61984245540276
1004000447,반월,1004,4호선,1004000446,1004000448,반월,반월,126.90382444207,37.3123817631801
1004000448,상록수,1004,4호선,1004000447,1004000449,상록수,상록수,126.8666056400078,37.30285235924208
1004000449,한대앞,1004,4호선,1004000448,1004000450,한대앞,한대앞,126.85402320176591,37.309429480381965
1004000450,중앙,1004,4호선,1004000449,1004000451,중앙,중앙,126.83883035405907,37.31599451967913
1004000451,고잔,1004,4호선,1004000450,1004000452,고잔,고잔,126.82359875532677,37.3167693077138
1004000452,초지,1004,4호선,1004000451,1004000453,초지,초지,126.80647314589804,37.3204403767323
1004000453,안산,1004,4호선,1004000452,1004000454,안산,안산,126.7892163493839,37.32685867641246
1004000454,신길온천,1004,4호선,1004000453,1004000455,신길온천,신길온천,126.76752183250063,37.33737450574518
1004000455,정왕,1004,4호선,1004000454,1004000456,정왕,정왕,126.74335018635819,37.351701334544885
1004000456,오이도,1004,4호선,1004000455,1004000456,오이도,오이도,126.73840352940697,37.36170269464333
1005000510,방화,1005,5호선,1005000510,1005000511,개화산,개화산,126.812819296675,37.5776031994404
1005000511,개화산,1005,5호선,1005000510,1005000512,개화산,개화산,126.806814314979,37.5725371505293
1005000512,김포공항,1005,5호선,1005000511,1005000513,김포공항,김포공항,126.80125680693868,37.56209981580658
1005000513,송정,1005,5호선,1005000512,1005000514,송정,송정,126.812430347154,37.5611612387718
1005000514,마곡,1005,5호선,1005000513,1005000515,마곡,마곡,126.82469691791624,37.56022863776301
1005000515,발산,1005,5호선,1005000514,1005000516,발산,발산,126.83773640693936,37.558677743241596
1005000516,우장산,1005,5호선,1005000515,1005000517,우장산,우장산,126.83632627213518,37.54881618721654
1005000517,화곡,1005,5호선,1005000516,1005000518,화곡,화곡,126.840455026335,37.5416507925709
1005000518,까치산,1005,5호선,1005000517,1005000519,까치산,까치산,126.846444264065,37.5322306724471
1005000519,신정,1005,5호선,1005000518,1005000520,신정,신정,126.856097474225,37.5250276134139
1005000520,목동,1005,5호선,1005000519,1005000521,목동,목동,126.86462527157516,37.526135115923466
1005000521,오목교,1005,5호선,1005000520,1005000522,오목교,오목교,126.875307312696,37.5245340839144
1005000522,양평,1005,5호선,1005000521,1005000523,양평,양평,126.886419282885,37.5255796429707
1005000523,영등포구청,1005,5호선,1005000522,1005000524,영등포구청,영등포구청,126.895322094259,37.5242291583027
1005000524,영등포시장,1005,5호선,1005000523,1005000525,영등포시장,영등포시장,126.905179566968,37.522709383885
1005000525,신길,1005,5호선,1005000524,1005000526,신길,신길,126.914913947722,37.517663974187
1005000526,여의도,1005,5호선,1005000525,1005000527,여의도,여의도,126.924397990207,37.5217753947299
1005000527,여의나루,1005,5호선,1005000526,1005000528,여의나루,여의나루,126.93298596744,37.5271469489465
1005000528,마포,1005,5호선,1005000527,1005000529,마포,마포,126.94586257221307,37.53955402908912
1005000529,공덕,1005,5호선,1005000528,1005000530,공덕,공덕,126.951451177648,37.5445416897534
1005000530,애오개,1005,5호선,1005000529,1005000531,애오개,애오개,126.956669363197,37.5534131497489
1005000531,충정로,1005,5호선,1005000530,1005000532,충정로,충정로,126.96303964820936,37.56042867918723
1006000647,봉화산,1006,6호선,1006000646,1006000648,봉화산,봉화산,127.09136011564394,37.617350836302734
1077000688,양재,1077,신분당선,1077000687,1077000689,양재,양재,127.035154074503,37.4834655780476
1077000689,양재시민의숲,1077,신분당선,1077000688,1077006810,양재시민의숲,양재시민의숲,127.038471341381,37.4701332061395
1077006810,청계산입구,1077,신분당선,1077000689,1077006811,청계산입구,청계산입구,127.054720327179,37.4483547387397
1077006811,판교,1077,신분당선,1077006810,1077006812,판교,판교,127.11119782955879,37.39477752734142
1077006812,정자,1077,신분당선,1077006811,1077006813,정자,정자,127.108519062566,37.3673267196137
1009000926,언주,1009,9호선,1009000925,1009000927,언주,언주,127.033970921595,37.5073353959717
1009000927,선정릉,1009,9호선,1009000926,1009000928,선정릉,선정릉,127.043627289129,37.5109326388803
1009000928,삼성중앙,1009,9호선,1009000927,1009000929,삼성중앙,삼성중앙,127.053043676912,37.5129614511319
1009000929,봉은사,1009,9호선,1009000928,1009000930,봉은사,봉은사,127.060233935114,37.5142554489848
1009000930,종합운동장,1009,9호선,1009000929,1009000930,종합운동장,종합운동장,127.076324485585,37.5114097871778
1065065072,영종,1065,공항철도,1065065071,1065006508,영종,영종,126.524975940011,37.5120289919535
1063075328,야당,1063,경의중앙선,1063075329,1063075327,야당,야당,126.761453983315,37.712611015679
1067080116,청량리,1067,경춘선,1067080116,1067080117,회기,회기,127.0486360630067,37.581273475892466
1067080117,회기,1067,경춘선,1067080116,1067080118,회기,회기,127.058537601316,37.5899221169641
1067080118,중랑,1067,경춘선,1067080117,1067080120,중랑,중랑,127.085085690038,37.5969733432502
1071075261,인하대,1071,수인선,1071075259,1071075262,인하대,인하대,126.649763418519,37.4483386165197
1077006814,동천,1077,신분당선,1077006813,1077006815,동천,동천,127.102870440698,37.3378429142383
1077006815,수지구청,1077,신분당선,1077006814,1077006816,수지구청,수지구청,127.094658560596,37.322492584304
1077006816,성복,1077,신분당선,1077006815,1077006817,성복,성복,127.08038367116,37.3135324511783
1077006817,상현,1077,신분당선,1077006816,1077006818,상현,상현,127.069363534097,37.2978289663421
1077006818,광교중앙,1077,신분당선,1077006817,1077006819,광교중앙,광교중앙,127.051726324729,37.2883843017536
1077006819,광교,1077,신분당선,1077006818,1077006819,광교,광교,127.044268853097,37.3021119263654
1071075262,숭의,1071,수인선,1071075261,1071075263,숭의,숭의,126.63841022084426,37.460799611154286
1071075263,신포,1071,수인선,1071075262,1071075264,신포,신포,126.624533685908,37.4684545360849
1071075264,인천,1071,수인선,1071075263,1071075264,인천,인천,126.617398357613,37.4764686136348
1079340013,어룡,1079,의정부,1079340012,1079340014,어룡,어룡,127.085206837732,37.7426941378158
1079340014,송산,1079,의정부,1079340013,1079340015,송산,송산,127.08721549161,37.7372760423191
1078330027,운연,1078,인천2호선,1078330026,1081370001,운연,운연,126.759606687799,37.4396425989597
1081370001,판교,1081,경강선,1078330027,1081370002,판교,판교,127.111982699564,37.394775885643
1081370002,이매,1081,경강선,1081370001,1081370003,이매,이매,127.127318661399,37.3947135146921
1081370003,삼동,1081,경강선,1081370002,1081370004,삼동,삼동,127.20338391386589,37.40868738382225
1081370004,경기광주,1081,경강선,1081370003,1081370005,경기광주,경기광주,127.253282668137,37.3989438131636
1081370005,초월,1081,경강선,1081370004,1081370006,초월,초월,127.299905223152,37.3733791295012
1081370006,곤지암,1081,경강선,1081370005,1081370007,곤지암,곤지암,127.346251343712,37.3505395429634
1081370007,신둔도예촌,1081,경강선,1081370006,1081370008,신둔도예촌,신둔도예촌,127.40524300441095,37.3156131233126
1081370008,이천,1081,경강선,1081370007,1081370009,이천,이천,127.44216788016918,37.264225761758865
1081370009,부발,1081,경강선,1081370008,1081370010,부발,부발,127.490321502069,37.2603923465465
1081370011,여주,1081,경강선,1081370010,1079340001,여주,여주,127.628529053998,37.2828596478666
1079340001,발곡,1079,의정부,1081370011,1079340002,발곡,발곡,127.052969199269,37.7271478742052
1079340002,회룡,1079,의정부,1079340001,1079340003,회룡,회룡,127.047295368138,37.7238058806629
1079340003,범골,1079,의정부,1079340002,1079340004,범골,범골,127.043668564435,37.7287878498671
1079340005,의정부시청,1079,의정부,1079340004,1079340006,의정부시청,의정부시청,127.034848091039,37.739234834508
1079340006,흥선,1079,의정부,1079340005,1079340007,흥선,흥선,127.03717589317614,37.74328307869396
1079340007,의정부중앙,1079,의정부,1079340006,1079340008,의정부중앙,의정부중앙,127.049649812523,37.7436803165603
1079340008,동오,1079,의정부,1079340007,1079340009,동오,동오,127.056985043204,37.745269911047
1079340009,새말,1079,의정부,1079340008,1079340010,새말,새말,127.063759511679,37.7488486906286
1079340010,경기도청북부청사,1079,의정부,1079340009,1079340011,경기도청북부청사,경기도청북부청사,127.071617829299,37.7507650408734
1079340011,효자,1079,의정부,1079340010,1079340012,효자,효자,127.077226606947,37.7539905661041
1079340012,곤제,1079,의정부,1079340011,1079340013,곤제,곤제,127.083822421136,37.7505371570413
1079340015,탑석,1079,의정부,1079340014,1079340015,탑석,탑석,127.088908165858,37.7334871006703
1063075138,지평,1063,경의중앙선,1063075137,1063075138,지평,지평,127.62890592244803,37.476907283345135
1080350001,기흥,1080,에버라인,1080350001,1080350002,강남대,강남대,127.11704645705142,37.27545287699772
1080350002,강남대,1080,에버라인,1080350001,1080350003,강남대,강남대,127.12606689205987,37.27017072715994
1080350003,지석,1080,에버라인,1080350002,1080350004,지석,지석,127.13663256032949,37.269737317702365
1080350004,어정,1080,에버라인,1080350003,1080350005,어정,어정,127.14374986977646,37.27495131826632
1080350005,동백,1080,에버라인,1080350004,1080350006,동백,동백,127.15269056435368,37.269101384338924
1080350006,초당,1080,에버라인,1080350005,1080350007,초당,초당,127.15946923688787,37.26080647373655
1080350007,삼가,1080,에버라인,1080350006,1080350008,삼가,삼가,127.16817999042203,37.24205993395667
1080350008,시청·용인대,1080,에버라인,1080350007,1080350009,시청·용인대,시청·용인대,127.17888509175044,37.23944203003437
1080350009,명지대,1080,에버라인,1080350008,1080350010,명지대,명지대,127.19029130857074,37.23807628801618
1080350010,김량장,1080,에버라인,1080350009,1080350011,김량장,김량장,127.19861087939051,37.23732377067836
1080350011,운동장·송담대,1080,에버라인,1080350010,1080350012,운동장·송담대,운동장·송담대,127.20905264479066,37.237911300345324
1080350012,고진,1080,에버라인,1080350011,1080350013,고진,고진,127.21418360142515,37.244638336050315
1080350013,보평,1080,에버라인,1080350012,1080350014,보평,보평,127.21848076908013,37.258964266014694
1080350014,둔전,1080,에버라인,1080350013,1080350015,둔전,둔전,127.21363872279483,37.26721221736258
1080350015,전대·에버랜드,1080,에버라인,1080350014,1078330001,전대·에버랜드,전대·에버랜드,127.21950896826833,37.28541326931372
1078330001,검단오류,1078,인천2호선,1080350015,1078330002,검단오류,검단오류,126.627907494962,37.5949434686845
1078330002,왕길,1078,인천2호선,1078330001,1078330003,왕길,왕길,126.642477372147,37.595129055954
1078330004,마전,1078,인천2호선,1078330003,1078330005,마전,마전,126.667223457118,37.5976340869751
1078330005,완정,1078,인천2호선,1078330004,1078330006,완정,완정,126.673033100577,37.5928390497566
1078330006,독정,1078,인천2호선,1078330005,1078330007,독정,독정,126.67600264877679,37.58484825991949
1078330007,검암,1078,인천2호선,1078330006,1078330008,검암,검암,126.67567426472,37.5686781799536
1078330008,검바위,1078,인천2호선,1078330007,1078330009,검바위,검바위,126.677531491203,37.5611257424349
1078330009,아시아드경기장,1078,인천2호선,1078330008,1078330010,아시아드경기장,아시아드경기장,126.677107520162,37.5513145630525
1078330010,서구청,1078,인천2호선,1078330009,1078330011,서구청,서구청,126.676844673062,37.5440446154284
1078330011,가정,1078,인천2호선,1078330010,1078330012,가정,가정,126.675357432309,37.5248168619511
1078330013,석남,1078,인천2호선,1078330012,1078330014,석남,석남,126.676149271119,37.5062431189861
1078330014,서부여성회관,1078,인천2호선,1078330013,1078330015,서부여성회관,서부여성회관,126.675870541598,37.5003434953542
1078330015,인천가좌,1078,인천2호선,1078330014,1078330016,인천가좌,인천가좌,126.675242029489,37.4898360731372
1008000810,암사,1008,8호선,1008000810,1008000811,천호,천호,127.12754072968517,37.55015818096496
1008000811,천호,1008,8호선,1008000810,1008000812,천호,천호,127.12320335921426,37.537936231906734
1009000901,개화,1009,9호선,1009000901,1009000902,김포공항,김포공항,126.796891362602,37.5783445148797
1009000902,김포공항,1009,9호선,1009000901,1009000903,김포공항,김포공항,126.80191361988808,37.56196757232288
1009000903,공항시장,1009,9호선,1009000902,1009000904,공항시장,공항시장,126.81060964296609,37.56368922800772
1009000904,신방화,1009,9호선,1009000903,1009000905,신방화,신방화,126.81723757150974,37.56748745669626
1009000905,마곡나루,1009,9호선,1009000904,1009000906,마곡나루,마곡나루,126.827420928424,37.5667126094974
1009000906,양천향교,1009,9호선,1009000905,1009000907,양천향교,양천향교,126.841978835328,37.5680808809647
1009000907,가양,1009,9호선,1009000906,1009000908,가양,가양,126.85442142615852,37.56143311719883
1009000908,증미,1009,9호선,1009000907,1009000909,증미,증미,126.86063675500975,37.558133059903305
1009000909,등촌,1009,9호선,1009000908,1009000910,등촌,등촌,126.86557100595411,37.550728980328884
1009000910,염창,1009,9호선,1009000909,1009000911,염창,염창,126.874871603971,37.546982941543
1009000911,신목동,1009,9호선,1009000910,1009000912,신목동,신목동,126.883095790252,37.5442883741577
1009000912,선유도,1009,9호선,1009000911,1009000913,선유도,선유도,126.89333386450167,37.53815865606546
1009000913,당산,1009,9호선,1009000912,1009000914,당산,당산,126.902165052778,37.5337892432802
1009000914,국회의사당,1009,9호선,1009000913,1009000915,국회의사당,국회의사당,126.91783895106,37.5281465047706
1009000915,여의도,1009,9호선,1009000914,1009000916,여의도,여의도,126.92466104293,37.5211700890445
1009000916,샛강,1009,9호선,1009000915,1009000917,샛강,샛강,126.9283750591322,37.51737287009036
1009000917,노량진,1009,9호선,1009000916,1009000918,노량진,노량진,126.940893179777,37.5135856714992
1009000918,노들,1009,9호선,1009000917,1009000919,노들,노들,126.953096069577,37.5126721234205
1009000919,흑석,1009,9호선,1009000918,1009000920,흑석,흑석,126.963463063008,37.5091654719404
1009000920,동작,1009,9호선,1009000919,1009000921,동작,동작,126.97854611382496,37.502744106282044
1009000921,구반포,1009,9호선,1009000920,1009000922,구반포,구반포,126.987464905696,37.5014398319603
1009000922,신반포,1009,9호선,1009000921,1009000923,신반포,신반포,126.996082392175,37.5035091412544
1009000923,고속터미널,1009,9호선,1009000922,1009000924,고속터미널,고속터미널,127.004211793489,37.5059814899483
1009000924,사평,1009,9호선,1009000923,1009000925,사평,사평,127.015272484531,37.5042326273953
1009000925,신논현,1009,9호선,1009000924,1009000926,신논현,신논현,127.025492036104,37.504811111562
1007000721,면목,1007,7호선,1007000720,1007000722,면목,면목,127.087503803859,37.5887148877725
1007000722,사가정,1007,7호선,1007000721,1007000723,사가정,사가정,127.088504554212,37.5809403751459
1007000723,용마산,1007,7호선,1007000722,1007000724,용마산,용마산,127.08671982507775,37.57366797492471
1007000724,중곡,1007,7호선,1007000723,1007000725,중곡,중곡,127.08431236632154,37.56592206115955
1001000142,구일,1001,1호선,1001000141,1001000143,가산디지털단지,가산디지털단지,126.86969110539,37.496254517687
1001000143,개봉,1001,1호선,1001000142,1001000144,개봉,개봉,126.858715959622,37.4946417150651
1001000144,오류동,1001,1호선,1001000143,1001000145,오류동,오류동,126.84480744815397,37.49439720933549
1001000145,온수,1001,1호선,1001000144,1001000146,온수,온수,126.823828819915,37.4923999909922
1001000146,역곡,1001,1호선,1001000145,1001000147,역곡,역곡,126.81205932067193,37.485314358615625
1001000147,소사,1001,1호선,1001000146,1001000148,소사,소사,126.79564427244556,37.48280032710237
1001000148,부천,1001,1호선,1001000147,1001000149,부천,부천,126.783081743529,37.4839888842916
1001000149,중동,1001,1호선,1001000148,1001000150,중동,중동,126.764535113735,37.4866816250266
1001000150,송내,1001,1호선,1001000149,1001000151,송내,송내,126.75316170607587,37.48764230897348
1001000151,부개,1001,1호선,1001000150,1001000152,부개,부개,126.740730089704,37.488477043182
1001000152,부평,1001,1호선,1001000151,1001000153,부평,부평,126.724331088618,37.4894490429055
1001000153,백운,1001,1호선,1001000152,1001000154,백운,백운,126.707294407871,37.483342495597
1001000154,동암,1001,1호선,1001000153,1001000155,동암,동암,126.702889753462,37.4706957867304
1001000155,간석,1001,1호선,1001000154,1001000156,간석,간석,126.69351903231802,37.46470628162983
1001000156,주안,1001,1호선,1001000155,1001000157,주안,주안,126.67996793218974,37.46505238644672
1001000157,도화,1001,1호선,1001000156,1001000158,도화,도화,126.668575935273,37.4661175111199
1001000158,제물포,1001,1호선,1001000157,1001000159,제물포,제물포,126.65749387411809,37.466819329634994
1001000159,도원,1001,1호선,1001000158,1001000160,도원,도원,126.64253515710824,37.46877255664296
1001000160,동인천,1001,1호선,1001000159,1001000161,동인천,동인천,126.63261605410459,37.4754032677399
1001000161,인천,1001,1호선,1001000160,1001000161,인천,인천,126.61682219568799,37.476166712082836
1001075410,광명,1001,1호선,1001080141,1001075410,광명,광명,126.884961689119,37.4167362171922
1001080142,가산디지털단지,1001,1호선,1001000141,1001080143,가산디지털단지,가산디지털단지,126.882614758479,37.4815311901749
1001000101,동두천,1001,1호선,1001000100,1001000102,소요산,소요산,127.05492800053,37.9276132662293
1001000102,보산,1001,1호선,1001000101,1001000103,보산,보산,127.0571810247491,37.914144018035586
1001000103,동두천중앙,1001,1호선,1001000102,1001000104,동두천중앙,동두천중앙,127.05642330094,37.9017807357936
1001000104,지행,1001,1호선,1001000103,1001000105,지행,지행,127.05579309162063,37.892342734325595
1001000105,덕정,1001,1호선,1001000104,1001000106,덕정,덕정,127.06155932141,37.8431876500694
1001000106,덕계,1001,1호선,1001000105,1001000107,덕계,덕계,127.056691678415,37.8187525814885
1001000107,양주,1001,1호선,1001000106,1001000108,양주,양주,127.044721319691,37.7741421622165
1001000108,녹양,1001,1호선,1001000107,1001000109,녹양,녹양,127.042279351606,37.759385253302
1001000109,가능,1001,1호선,1001000108,1001000110,가능,가능,127.044288264841,37.7483963196456
1001000110,의정부,1001,1호선,1001000109,1001000111,의정부,의정부,127.045956826767,37.7383624923599
1001000111,회룡,1001,1호선,1001000110,1001000112,회룡,회룡,127.047295368138,37.7238058806629
1007000730,강남구청,1007,7호선,1007000729,1007000731,강남구청,강남구청,127.0413109462156,37.51721617197854
1007000731,학동,1007,7호선,1007000730,1007000732,학동,학동,127.03190190063152,37.51434578734927
1007000732,논현,1007,7호선,1007000731,1007000733,논현,논현,127.02165424259898,37.51120000205266
1007000733,반포,1007,7호선,1007000732,1007000734,반포,반포,127.011586161943,37.5081614290284
1007000734,고속터미널,1007,7호선,1007000733,1007000735,고속터미널,고속터미널,127.005007834609,37.5033865633062
1007000735,내방,1007,7호선,1007000734,1007000736,내방,내방,126.993600180589,37.4876585212369
1078330017,주안국가산단,1078,인천2호선,1078330016,1078330018,주안국가산단,주안국가산단,126.68122005538342,37.47391267095278
1078330018,주안,1078,인천2호선,1078330017,1078330019,주안,주안,126.679015725246,37.4651552217129
1004000412,창동,1004,4호선,1004000411,1004000413,창동,창동,127.04838841056,37.6533706449195
1004000413,쌍문,1004,4호선,1004000412,1004000414,쌍문,쌍문,127.03465609756,37.6485426057036
1004000414,수유,1004,4호선,1004000413,1004000415,수유,수유,127.02550910860451,37.63788539420793
1004000415,미아,1004,4호선,1004000414,1004000416,미아,미아,127.026041090189,37.6266544891889
1007000710,도봉산,1007,7호선,1007000709,1007000711,도봉산,도봉산,127.046425596353,37.6896304650032
1007000711,수락산,1007,7호선,1007000710,1007000712,수락산,수락산,127.055350968781,37.6778814656816
1007000712,마들,1007,7호선,1007000711,1007000713,마들,마들,127.057712619869,37.6652017465321
1007000713,노원,1007,7호선,1007000712,1007000714,노원,노원,127.06055556456411,37.6545110763411
1007000714,중계,1007,7호선,1007000713,1007000715,중계,중계,127.06411035896,37.6450921230569
1007000715,하계,1007,7호선,1007000714,1007000716,하계,하계,127.067991278758,37.6364765391858
1007000716,공릉,1007,7호선,1007000715,1007000717,공릉,공릉,127.073033585328,37.6255427648558
1007000717,태릉입구,1007,7호선,1007000716,1007000718,태릉입구,태릉입구,127.075405300578,37.618459513199
1007000718,먹골,1007,7호선,1007000717,1007000719,먹골,먹골,127.077762187968,37.6106193846197
1007000719,중화,1007,7호선,1007000718,1007000720,중화,중화,127.079312037122,37.6025526943256
1007000720,상봉,1007,7호선,1007000719,1007000721,상봉,상봉,127.085754455388,37.5955853328943
1007000736,총신대입구(이수),1007,7호선,1007000735,1007000737,총신대입구(이수),총신대입구(이수),126.98167629035197,37.48528852311765
1001080143,독산,1001,1호선,1001080142,1001080144,독산,독산,126.88947790336374,37.46597376787178
1004000416,미아사거리,1004,4호선,1004000415,1004000417,미아사거리,미아사거리,127.03008663628454,37.61327836400571
1004000417,길음,1004,4호선,1004000416,1004000418,길음,길음,127.02506019737066,37.603394782316634
1004000418,성신여대입구,1004,4호선,1004000417,1004000419,성신여대입구,성신여대입구,127.0171260607647,37.59296812939267
1004000419,한성대입구,1004,4호선,1004000418,1004000420,한성대입구,한성대입구,127.00601781685579,37.58842461354086
1004000420,혜화,1004,4호선,1004000419,1004000421,혜화,혜화,127.00194500977393,37.58204391787134
1004000421,동대문,1004,4호선,1004000420,1004000422,동대문,동대문,127.009313828405,37.5709072753658
1004000422,동대문역사문화공원,1004,4호선,1004000421,1004000423,동대문역사문화공원,동대문역사문화공원,127.00791523866731,37.56514370780825
1004000423,충무로,1004,4호선,1004000422,1004000424,충무로,충무로,126.995255388268,37.5615119611571
1004000424,명동,1004,4호선,1004000423,1004000425,명동,명동,126.98640235001736,37.56096526943837
1004000425,회현,1004,4호선,1004000424,1004000426,회현,회현,126.9784372569283,37.55876114587941
1004000426,서울,1004,4호선,1004000425,1004000427,서울,서울,126.972644620034,37.5530287004642
1004000427,숙대입구,1004,4호선,1004000426,1004000428,숙대입구,숙대입구,126.972118127373,37.5445952301115
1004000428,삼각지,1004,4호선,1004000427,1004000429,삼각지,삼각지,126.972922951307,37.5344393447708
1004000429,신용산,1004,4호선,1004000428,1004000430,신용산,신용산,126.967965039183,37.5292591489375
1004000430,이촌,1004,4호선,1004000429,1004000431,이촌,이촌,126.97452008954151,37.522373484615365
1004000431,동작,1004,4호선,1004000430,1004000432,동작,동작,126.9803148383829,37.50297957674478
1004000432,총신대입구(이수),1004,4호선,1004000431,1004000433,총신대입구(이수),총신대입구(이수),126.982211871752,37.4867995957995
1004000433,사당,1004,4호선,1004000432,1004000434,사당,사당,126.98169851997,37.4775912070902
1004000434,남태령,1004,4호선,1004000433,1004000435,남태령,남태령,126.989085267707,37.4642499558525
1004000435,선바위,1004,4호선,1004000434,1004000436,선바위,선바위,127.00222869400723,37.451747988798516
1004000436,경마공원,1004,4호선,1004000435,1004000437,경마공원,경마공원,127.007838042533,37.4439629881231
1004000437,대공원,1004,4호선,1004000436,1004000438,대공원,대공원,127.006752481821,37.4360557449009
1004000438,과천,1004,4호선,1004000437,1004000439,과천,과천,126.99661712263098,37.43287530237988
1004000439,정부과천청사,1004,4호선,1004000438,1004000440,정부과천청사,정부과천청사,126.989868044926,37.4265047272927
1004000440,인덕원,1004,4호선,1004000439,1004000441,인덕원,인덕원,126.976679855187,37.4014941709597
1004000441,평촌,1004,4호선,1004000440,1004000442,평촌,평촌,126.9638080221341,37.39423950914369
1004000442,범계,1004,4호선,1004000441,1004000443,범계,범계,126.950783269518,37.3897837540429
1004000443,금정,1004,4호선,1004000442,1004000444,금정,금정,126.94347315682283,37.37246820714397
1004000444,산본,1004,4호선,1004000443,1004000445,산본,산본,126.933046329836,37.3580193085257
1004000445,수리산,1004,4호선,1004000444,1004000446,수리산,수리산,126.92563095069,37.3505579695805
1004000446,대야미,1004,4호선,1004000445,1004000447,대야미,대야미,126.916897519557,37.327965125951
1005000532,서대문,1005,5호선,1005000531,1005000533,서대문,서대문,126.96663755850754,37.56575193662503
1005000533,광화문,1005,5호선,1005000532,1005000534,광화문,광화문,126.97642427981408,37.57164860977568
1005000534,종로3가,1005,5호선,1005000533,1005000535,종로3가,종로3가,126.9904176797898,37.57258941181964
1005000535,을지로4가,1005,5호선,1005000534,1005000536,을지로4가,을지로4가,126.99804517954063,37.567564032148596
1005000536,동대문역사문화공원,1005,5호선,1005000535,1005000537,동대문역사문화공원,동대문역사문화공원,127.00579179092047,37.56462215427451
1005000537,청구,1005,5호선,1005000536,1005000538,청구,청구,127.013943845279,37.5602101936978
1005000538,신금호,1005,5호선,1005000537,1005000539,신금호,신금호,127.02049316578315,37.55447619249223
1005000539,행당,1005,5호선,1005000538,1005000540,행당,행당,127.029511840513,37.5573637818732
1005000540,왕십리,1005,5호선,1005000539,1005000541,왕십리,왕십리,127.03733125702163,37.56203954461276
1005000541,마장,1005,5호선,1005000540,1005000542,마장,마장,127.042984855663,37.5661389565959
1005000542,답십리,1005,5호선,1005000541,1005000543,답십리,답십리,127.05256127651293,37.56697480965114
1005000543,장한평,1005,5호선,1005000542,1005000544,장한평,장한평,127.06370373106944,37.5616038910656
1005000544,군자,1005,5호선,1005000543,1005000545,군자,군자,127.0795106156054,37.557151488837924
1005000545,아차산,1005,5호선,1005000544,1005000546,아차산,아차산,127.08956495447913,37.55224917071854
1005000546,광나루,1005,5호선,1005000545,1005000547,광나루,광나루,127.103521464507,37.5452991715677
1005000547,천호,1005,5호선,1005000546,1005000548,천호,천호,127.12392845044,37.5385112120297
1005000548,강동,1005,5호선,1005000547,1005000549,강동,강동,127.132396300314,37.5358819145235
1005000549,길동,1005,5호선,1005000548,1005000550,둔촌동,둔촌동,127.140021295948,37.5378264874159
1005000550,굽은다리,1005,5호선,1005000549,1005000551,굽은다리,굽은다리,127.14288387331297,37.54551759022203
1005000551,명일,1005,5호선,1005000550,1005000552,명일,명일,127.14404374474,37.5513978958277
1005000552,고덕,1005,5호선,1005000551,1005000553,고덕,고덕,127.15416500963447,37.55504766830918
1005000553,상일동,1005,5호선,1005000552,1005000553,상일동,상일동,127.165905758209,37.5566778757215
1005080549,둔촌동,1005,5호선,1005000548,1005080550,둔촌동,둔촌동,127.13621464981398,37.52765684247226
1005080550,올림픽공원,1005,5호선,1005080549,1005080551,올림픽공원,올림픽공원,127.130963675401,37.5163389870117
1005080551,방이,1005,5호선,1005080550,1005080552,방이,방이,127.126096046986,37.5087506251989
1005080552,오금,1005,5호선,1005080551,1005080553,오금,오금,127.127953219596,37.5021388575469
1005080553,개롱,1005,5호선,1005080552,1005080554,개롱,개롱,127.13507959838425,37.497968278388235
1005080554,거여,1005,5호선,1005080553,1005080555,거여,거여,127.143773841911,37.4933304500736
1005080555,마천,1005,5호선,1005080554,1005080555,마천,마천,127.152859864985,37.4950381629493
1006000610,응암,1006,6호선,1006000610,1006000611,새절,새절,126.9155399209037,37.5984928632876
1006000611,역촌,1006,6호선,1006000610,1006000612,새절,새절,126.9228437430386,37.60622745935512
1006000612,불광,1006,6호선,1006000611,1006000613,불광,불광,126.930315826401,37.6100477979795
1006000613,독바위,1006,6호선,1006000612,1006000614,독바위,독바위,126.933053652461,37.6184141599944
1006000614,연신내,1006,6호선,1006000613,1006000615,연신내,연신내,126.921100704496,37.6192032466353
1006000615,구산,1006,6호선,1006000614,1006000610,구산,구산,126.91725947715172,37.61124669148435
1006000616,새절,1006,6호선,1006000610,1006000617,새절,새절,126.913580663181,37.5908600479967
1006000617,증산,1006,6호선,1006000616,1006000618,증산,증산,126.909494991105,37.583746353282
1006000618,디지털미디어시티,1006,6호선,1006000617,1006000619,디지털미디어시티,디지털미디어시티,126.90127778415635,37.57601374718818
1006000619,월드컵경기장,1006,6호선,1006000618,1006000620,월드컵경기장,월드컵경기장,126.899098148061,37.5696355653344
1006000620,마포구청,1006,6호선,1006000619,1006000621,마포구청,마포구청,126.903425598797,37.5634871865932
1006000621,망원,1006,6호선,1006000620,1006000622,망원,망원,126.910094329982,37.5560826563712
1006000622,합정,1006,6호선,1006000621,1006000623,합정,합정,126.91421318621,37.5487840343032
1006000623,상수,1006,6호선,1006000622,1006000624,상수,상수,126.92242989321456,37.54776618366393
1006000624,광흥창,1006,6호선,1006000623,1006000625,광흥창,광흥창,126.93202965599583,37.54748648317645
1006000625,대흥,1006,6호선,1006000624,1006000626,대흥,대흥,126.942473188734,37.5476479056751
1006000626,공덕,1006,6호선,1006000625,1006000627,공덕,공덕,126.95189540256291,37.543530049331636
1006000627,효창공원앞,1006,6호선,1006000626,1006000628,효창공원앞,효창공원앞,126.96139810075,37.5393087503306
1006000628,삼각지,1006,6호선,1006000627,1006000629,삼각지,삼각지,126.9740539626925,37.535607295640936
1006000629,녹사평,1006,6호선,1006000628,1006000630,녹사평,녹사평,126.9865496751,37.5347227952064
1006000630,이태원,1006,6호선,1006000629,1006000631,이태원,이태원,126.994333861918,37.5345252050511
1006000631,한강진,1006,6호선,1006000630,1006000632,한강진,한강진,127.001765135176,37.5397907743775
1006000632,버티고개,1006,6호선,1006000631,1006000633,버티고개,버티고개,127.006730866101,37.5478275106099
1006000633,약수,1006,6호선,1006000632,1006000634,약수,약수,127.010153707232,37.5539252226626
1006000634,청구,1006,6호선,1006000633,1006000635,청구,청구,127.014165812912,37.5609165488093
1006000635,신당,1006,6호선,1006000634,1006000636,신당,신당,127.01617590593352,37.56609251486158
1006000636,동묘앞,1006,6호선,1006000635,1006000637,동묘앞,동묘앞,127.015725557994,37.5721715926337
1006000637,창신,1006,6호선,1006000636,1006000638,창신,창신,127.01529688465331,37.57941474393655
1006000638,보문,1006,6호선,1006000637,1006000639,보문,보문,127.020003515933,37.585541696968
1006000639,안암,1006,6호선,1006000638,1006000640,안암,안암,127.029233420248,37.586307417971
1006000640,고려대,1006,6호선,1006000639,1006000641,고려대,고려대,127.03630828564728,37.59044191064368
1006000641,월곡,1006,6호선,1006000640,1006000642,월곡,월곡,127.041460725816,37.6018044172918
1006000642,상월곡,1006,6호선,1006000641,1006000643,상월곡,상월곡,127.048829192974,37.6065588265169
1006000643,돌곶이,1006,6호선,1006000642,1006000644,돌곶이,돌곶이,127.0564381246322,37.61054501416126
1006000644,석계,1006,6호선,1006000643,1006000645,석계,석계,127.066703301093,37.6151491167469
1006000645,태릉입구,1006,6호선,1006000644,1006000646,태릉입구,태릉입구,127.07475176155,37.6173499119222
1002000234,신도림,1002,2호선,1002000233,1002000235,신도림,신도림,126.89161095407636,37.508222191535346
1002000235,문래,1002,2호선,1002000234,1002000236,도림천,도림천,126.894778820701,37.5179757181801
1002000236,영등포구청,1002,2호선,1002000235,1002000237,영등포구청,영등포구청,126.89667739939,37.5258305311402
1002000237,당산,1002,2호선,1002000236,1002000238,당산,당산,126.902611795523,37.5347843171332
1002000238,합정,1002,2호선,1002000237,1002000239,합정,합정,126.91445406513526,37.54991315995173
1002000239,홍대입구,1002,2호선,1002000238,1002000240,홍대입구,홍대입구,126.923778562273,37.5568707448873
1002000240,신촌,1002,2호선,1002000239,1002000241,신촌,신촌,126.93698075993808,37.555198169366435
1002000241,이대,1002,2호선,1002000240,1002000242,이대,이대,126.94642954546576,37.556814718869
1002000242,아현,1002,2호선,1002000241,1002000243,아현,아현,126.95614644008904,37.55740617797663
1002000243,충정로,1002,2호선,1002000242,1002000201,충정로,충정로,126.96449207476172,37.55976328822766
1002002111,용답,1002,2호선,1002000211,1002002112,건대입구,건대입구,127.05088954367504,37.562122776762756
1002002112,신답,1002,2호선,1002002111,1002002113,신답,신답,127.047080117369,37.5698386846442
1002002113,용두,1002,2호선,1002002112,1002002114,용두,용두,127.038275698211,37.5740621283646
1002002114,신설동,1002,2호선,1002002113,1002002114,신설동,신설동,127.024918166399,37.5748045192005
1002002341,도림천,1002,2호선,1002000234,1002002342,도림천,도림천,126.882649092584,37.5145080414761
1002002342,양천구청,1002,2호선,1002002341,1002002343,양천구청,양천구청,126.865722369229,37.5123888716808
1002002343,신정네거리,1002,2호선,1002002342,1002002344,신정네거리,신정네거리,126.852889567642,37.5202231231721
1002002344,까치산,1002,2호선,1002002343,1002002344,까치산,까치산,126.846948282657,37.5314060103327
1003000310,대화,1003,3호선,1003000310,1003000311,주엽,주엽,126.747500970967,37.676157377075
1003000311,주엽,1003,3호선,1003000310,1003000312,주엽,주엽,126.761263524195,37.6701494878278
1003000312,정발산,1003,3호선,1003000311,1003000313,정발산,정발산,126.773405960872,37.659480619983
1003000313,마두,1003,3호선,1003000312,1003000314,마두,마두,126.77761059652867,37.65224113444557
1003000314,백석,1003,3호선,1003000313,1003000315,백석,백석,126.788131509803,37.6429623651607
1003000315,대곡,1003,3호선,1003000314,1003000316,대곡,대곡,126.810929998862,37.6316955592152
1003000316,화정,1003,3호선,1003000315,1003000317,화정,화정,126.832688422366,37.6346440058753
1003000317,원당,1003,3호선,1003000316,1003000309,원당,원당,126.842918441607,37.6531102058516
1003000318,삼송,1003,3호선,1003000309,1003000319,삼송,삼송,126.89573389994084,37.65326511526386
1003000319,지축,1003,3호선,1003000318,1003000320,지축,지축,126.913854269202,37.6481486423031
1003000320,구파발,1003,3호선,1003000319,1003000321,구파발,구파발,126.918852820009,37.6364357889145
1003000321,연신내,1003,3호선,1003000320,1003000322,연신내,연신내,126.921100704496,37.6192032466353
1003000322,불광,1003,3호선,1003000321,1003000323,불광,불광,126.930315826401,37.6100477979795
1002000201,시청,1002,2호선,1002000243,1002000202,시청,시청,126.97559827045151,37.56368183746611
1002000202,을지로입구,1002,2호선,1002000201,1002000203,을지로입구,을지로입구,126.9821953112953,37.566035517712955
1002000203,을지로3가,1002,2호선,1002000202,1002000204,을지로3가,을지로3가,126.99098443539428,37.56629149790628
1002000204,을지로4가,1002,2호선,1002000203,1002000205,을지로4가,을지로4가,126.997632059113,37.5666405038268
1002000205,동대문역사문화공원,1002,2호선,1002000204,1002000206,동대문역사문화공원,동대문역사문화공원,127.00900417014896,37.56566440553802
1002000206,신당,1002,2호선,1002000205,1002000207,신당,신당,127.019477533278,37.5656730531732
1002000207,상왕십리,1002,2호선,1002000206,1002000208,상왕십리,상왕십리,127.02927241035283,37.56443666620397
1002000208,왕십리,1002,2호선,1002000207,1002000209,왕십리,왕십리,127.03710337610202,37.561268363317176
1002000209,한양대,1002,2호선,1002000208,1002000210,한양대,한양대,127.043639802768,37.5557159860408
1002000210,뚝섬,1002,2호선,1002000209,1002000211,뚝섬,뚝섬,127.04738727881,37.547241554679
1002000211,성수,1002,2호선,1002000210,1002000212,성수,성수,127.056066999327,37.5445888153751
1002000212,건대입구,1002,2호선,1002000211,1002000213,건대입구,건대입구,127.06920291650829,37.54040751726388
1002000213,구의,1002,2호선,1002000212,1002000214,구의,구의,127.086180837795,37.5371752725594
1002000214,강변,1002,2호선,1002000213,1002000215,강변,강변,127.094741101863,37.5351180385975
1002000215,잠실나루,1002,2호선,1002000214,1002000216,잠실나루,잠실나루,127.103808749487,37.5207124124456
1002000216,잠실,1002,2호선,1002000215,1002000217,잠실,잠실,127.10023101886318,37.51331105877401
1002000217,잠실새내,1002,2호선,1002000216,1002000218,잠실새내,잠실새내,127.086314327913,37.5116263587296
1002000218,종합운동장,1002,2호선,1002000217,1002000219,종합운동장,종합운동장,127.073849447402,37.5111446632705
1002000219,삼성,1002,2호선,1002000218,1002000220,삼성,삼성,127.06302321147605,37.508822740225305
1002000220,선릉,1002,2호선,1002000219,1002000221,선릉,선릉,127.04896282498558,37.504497373023206
1002000221,역삼,1002,2호선,1002000220,1002000222,역삼,역삼,127.03646946847,37.5006744185994
1002000222,강남,1002,2호선,1002000221,1002000223,강남,강남,127.02800140627488,37.49808633653005
1002000223,교대,1002,2호선,1002000222,1002000224,교대,교대,127.014383829781,37.4938999991414
1002000224,서초,1002,2호선,1002000223,1002000225,서초,서초,127.007662120039,37.4918499338918
1002000225,방배,1002,2호선,1002000224,1002000226,방배,방배,126.997553345516,37.4814561268152
1002000226,사당,1002,2호선,1002000225,1002000227,사당,사당,126.98155858357366,37.47656223234824
1002000227,낙성대,1002,2호선,1002000226,1002000228,낙성대,낙성대,126.963523905001,37.4770932409965
1002000228,서울대입구,1002,2호선,1002000227,1002000229,서울대입구,서울대입구,126.952713197762,37.4812845080678
1002000229,봉천,1002,2호선,1002000228,1002000230,봉천,봉천,126.941686527151,37.4824725161034
1002000230,신림,1002,2호선,1002000229,1002000231,신림,신림,126.9297453749671,37.484267135140364
1002000231,신대방,1002,2호선,1002000230,1002000232,신대방,신대방,126.91350747615147,37.48765046104574
1002000232,구로디지털단지,1002,2호선,1002000231,1002000233,구로디지털단지,구로디지털단지,126.901473080039,37.4852605752505
1004000411,노원,1004,4호선,1004000410,1004000412,노원,노원,127.063449137455,37.6563403513278
1001000100,소요산,1001,1호선,1001000100,1001000101,소요산,소요산,127.061128608638,37.9488975919392
1001000133,서울,1001,1호선,1001000132,1001000134,서울,서울,126.97209238331357,37.55597933890212
1001000134,남영,1001,1호선,1001000133,1001000135,남영,남영,126.97133096608212,37.540566672483216
1001000135,용산,1001,1호선,1001000134,1001000136,용산,용산,126.96462961258051,37.52977356999725
1001000136,노량진,1001,1호선,1001000135,1001000137,노량진,노량진,126.942109882124,37.5140547961008
1001000137,대방,1001,1호선,1001000136,1001000138,대방,대방,126.92649449142719,37.51335413975466
1001000138,신길,1001,1호선,1001000137,1001000139,신길,신길,126.91836721069228,37.51678703217714
1001000139,영등포,1001,1호선,1001000138,1001000140,영등포,영등포,126.907550274975,37.5156726288261
1001000140,신도림,1001,1호선,1001000139,1001000141,신도림,신도림,126.891312500851,37.508908482648
1001000141,구로,1001,1호선,1001000140,1001000142,구로,구로,126.88230806229326,37.50334155631282
1001000112,망월사,1001,1호선,1001000111,1001000113,망월사,망월사,127.047418285506,37.7102191609902
1001000113,도봉산,1001,1호선,1001000112,1001000114,도봉산,도봉산,127.04606271663916,37.68951167833238
1001000114,도봉,1001,1호선,1001000113,1001000115,도봉,도봉,127.045534886672,37.6792119046658
1001000115,방학,1001,1호선,1001000114,1001000116,방학,방학,127.044321721307,37.6674383662755
1001000116,창동,1001,1호선,1001000115,1001000117,창동,창동,127.047644999036,37.6533385121404
1001000117,녹천,1001,1호선,1001000116,1001000118,녹천,녹천,127.05138201885734,37.644633445567656
1001000118,월계,1001,1호선,1001000117,1001000119,월계,월계,127.058857087601,37.6332775453974
1001000119,광운대,1001,1호선,1001000118,1001000120,광운대,광운대,127.061695160651,37.6238373628149
1001000120,석계,1001,1호선,1001000119,1001000121,석계,석계,127.06568946412851,37.61500552731744
1001000121,신이문,1001,1호선,1001000120,1001000122,신이문,신이문,127.067398003775,37.6017816437084
1001000122,외대앞,1001,1호선,1001000121,1001000123,외대앞,외대앞,127.06369251145765,37.596274142656114
1001000123,회기,1001,1호선,1001000122,1001000124,회기,회기,127.058048369273,37.5897962196601
1001000124,청량리,1001,1호선,1001000123,1001000125,청량리,청량리,127.04472723023305,37.580037056302906
1001000125,제기동,1001,1호선,1001000124,1001000126,제기동,제기동,127.03494949507864,37.57817349658033
1001000126,신설동,1001,1호선,1001000125,1001000127,신설동,신설동,127.024456700382,37.5760299683175
1001000127,동묘앞,1001,1호선,1001000126,1001000128,동묘앞,동묘앞,127.016364227103,37.5732166600283
1001000128,동대문,1001,1호선,1001000127,1001000129,동대문,동대문,127.01063381083677,37.571669405802616
1001000129,종로5가,1001,1호선,1001000128,1001000130,종로5가,종로5가,127.00153834521934,37.57097610838373
1001000130,종로3가,1001,1호선,1001000129,1001000131,종로3가,종로3가,126.992153252476,37.570420844523
1001000131,종각,1001,1호선,1001000130,1001000132,종각,종각,126.98315081716676,37.570227990912244
1001000132,시청,1001,1호선,1001000131,1001000133,시청,시청,126.97719821079865,37.56534539636417
1009000937,둔촌오륜,1009,9호선,1009000936,1009000938,둔촌오륜,둔촌오륜,127.13865206962898,37.51940803726135
1081370010,세종대왕릉,1081,경강선,1081370009,1081370011,세종대왕릉,세종대왕릉,127.57065963840586,37.2936326216504
1079340004,경전철의정부,1079,의정부,1079340003,1079340005,경전철의정부,경전철의정부,127.04330596631,37.7372643130628
1078330012,가정중앙시장,1078,인천2호선,1078330011,1078330013,가정중앙시장,가정중앙시장,126.676823324228,37.5175263931377
1005000554,강일,1005,5호선,1005000553,1005000555,강일,강일,127.175680183486,37.5574259795986
1005000555,미사,1005,5호선,1005000554,1005000556,미사,미사,127.192490980441,37.562991348199
1005000556,하남풍산,1005,5호선,1005000555,1005000557,하남풍산,하남풍산,127.204006631381,37.5522898049699
1005000557,하남시청,1005,5호선,1005000556,1005000558,하남시청,하남시청,127.206298162203,37.5419775122576
1005000558,하남검단산,1005,5호선,1005000557,1005000558,하남검단산,하남검단산,127.223219337317,37.5398032640088
1075075236,신갈,1075,수인분당선,1075075235,1075075237,신갈,신갈,127.111284750107,37.2861483619847
1075075237,기흥,1075,수인분당선,1075075236,1075075238,기흥,기흥,127.115955078051,37.2754972009506
1075075238,상갈,1075,수인분당선,1075075237,1075075239,상갈,상갈,127.108737254546,37.261811831367
1075075239,청명,1075,수인분당선,1075075238,1075075240,청명,청명,127.078969000537,37.2595395723925
1075075240,영통,1075,수인분당선,1075075239,1075075241,영통,영통,127.07133191773,37.2515035095752
1075075241,망포,1075,수인분당선,1075075240,1075075242,망포,망포,127.056854781327,37.2458383703858
1075075242,매탄권선,1075,수인분당선,1075075241,1075075243,매탄권선,매탄권선,127.040808657326,37.2525055074191
1075075243,수원시청,1075,수인분당선,1075075242,1075075244,수원시청,수원시청,127.030857188083,37.2619226180172
1075075244,매교,1075,수인분당선,1075075243,1075075245,매교,매교,127.01590057208,37.2655153235144
1075075245,수원,1075,수인분당선,1075075244,1075075246,수원,수원,127.00004960484385,37.26568218296588
1075075246,고색,1075,수인분당선,1075075245,1075075247,고색,고색,126.980572516343,37.2497717717764
1075075247,오목천,1075,수인분당선,1075075246,1075075248,오목천,오목천,126.963902835862,37.2433596329495
1075075248,어천,1075,수인분당선,1075075247,1075075249,어천,어천,126.90880001435008,37.25008784954119
1075075249,야목,1075,수인분당선,1075075248,1075075250,야목,야목,126.883773399214,37.2614226743824
1075075250,사리,1075,수인분당선,1075075249,1075075251,사리,사리,126.85710444456184,37.290641235808586
1075075251,한대앞,1075,수인분당선,1075075250,1075075252,한대앞,한대앞,126.85324560267,37.3102070123702
1075075252,중앙,1075,수인분당선,1075075251,1075075253,중앙,중앙,126.8379593376949,37.316040183909934
1075075253,고잔,1075,수인분당선,1075075252,1075075254,고잔,고잔,126.822470479766,37.3168252865338
1075075254,초지,1075,수인분당선,1075075253,1075075255,초지,초지,126.80546223274199,37.320896443419954
1075075255,안산,1075,수인분당선,1075075254,1075075256,안산,안산,126.78801883475911,37.32740075973935
1075075256,신길온천,1075,수인분당선,1075075255,1075075257,신길온천,신길온천,126.76655878915673,37.33789250317993
1075075257,정왕,1075,수인분당선,1075075256,1075075258,정왕,정왕,126.742261089582,37.3520125238326
1075075258,오이도,1075,수인분당선,1075075257,1075075259,오이도,오이도,126.73892305019992,37.362929236026645
1075075259,달월,1075,수인분당선,1075075258,1075075260,달월,달월,126.74540347645,37.3800267658985
1075075260,월곶,1075,수인분당선,1075075259,1075075261,월곶,월곶,126.742707561155,37.3918207044367
1075075261,소래포구,1075,수인분당선,1075075260,1075075262,소래포구,소래포구,126.733492081979,37.4009402347666
1075075262,인천논현,1075,수인분당선,1075075261,1075075263,인천논현,인천논현,126.722452080127,37.4006589466073
1075075263,호구포,1075,수인분당선,1075075262,1075075264,호구포,호구포,126.708683171095,37.4016421735726
1075075264,남동인더스파크,1075,수인분당선,1075075263,1075075265,남동인더스파크,남동인더스파크,126.695227491501,37.4077423820652
1075075265,원인재,1075,수인분당선,1075075264,1075075266,원인재,원인재,126.686457819329,37.4132120460243
1075075266,연수,1075,수인분당선,1075075265,1075075267,연수,연수,126.67874745918827,37.41792798381812
1075075267,송도,1075,수인분당선,1075075266,1075075268,송도,송도,126.654675713707,37.4299616326114
1075075268,인하대,1075,수인분당선,1075075267,1075075269,인하대,인하대,126.649763418519,37.4483386165197
1075075269,숭의,1075,수인분당선,1075075268,1075075270,숭의,숭의,126.63841022084426,37.460799611154286
1001080173,탕정,1001,1호선,1001080172,1001080174,탕정,탕정,127.08439248328,36.7882087107804
1075075270,신포,1075,수인분당선,1075075269,1075075271,신포,신포,126.624533685908,37.4684545360849
1075075271,인천,1075,수인분당선,1075075270,1075075271,인천,인천,126.617398357613,37.4764686136348
1008000820,복정,1008,8호선,1008000819,1008000821,복정,복정,127.12672175187316,37.47074367341675
1008000821,남위례,1008,8호선,1008000820,1008000822,남위례,남위례,127.139350997519,37.4627230752808
1008000822,산성,1008,8호선,1008000821,1008000823,산성,산성,127.14994186233623,37.456881468719025
1008000823,남한산성입구,1008,8호선,1008000822,1008000824,남한산성입구,남한산성입구,127.159882577768,37.4516686968693
1008000824,단대오거리,1008,8호선,1008000823,1008000825,단대오거리,단대오거리,127.156769790167,37.44502248894697
1008000825,신흥,1008,8호선,1008000824,1008000826,신흥,신흥,127.147538132656,37.4409230460675
1008000826,수진,1008,8호선,1008000825,1008000827,수진,수진,127.140534508419,37.4373779787206
1008000827,모란,1008,8호선,1008000826,1008000827,모란,모란,127.129970457799,37.4340382896277
1007000760,산곡,1007,7호선,1007000759,1007000760,산곡,산곡,126.703543714352,37.5086071956774
1007000761,석남,1007,7호선,1007000760,1007000761,석남,석남,126.676149271119,37.5062431189861
1069073139,송도달빛축제공원,1069,인천1호선,1069073138,1069073139,송도달빛축제공원,송도달빛축제공원,126.62601790846256,37.406920219431996
1006000648,신내,1006,6호선,1006000647,1006000648,신내,신내,127.104271439503,37.6124910157349
