Unnamed: 0,지하철역ID,지하철역명,지하철호선ID,지하철호선명,이전지하철역ID,다음지하철역ID,기본주소,상세주소,지하철역X좌표,지하철역Y좌표
0,1009000931,삼전,1009,9호선,1009000930,1009000932,서울 송파구 삼전동,133-13,207754.59092,445000.75279
1,1009000932,석촌고분,1009,9호선,1009000931,1009000933,서울 송파구 삼전동,133-13,208546.69877,444785.34871
2,1009000933,석촌,1009,9호선,1009000932,1009000934,서울특별시 송파구 송파동,19,209473.4,445088.5
3,1009000934,송파나루,1009,9호선,1009000933,1009000935,서울 송파구 송파동,48-11,209928.13163,445680.01312
4,1009000935,한성백제,1009,9호선,1009000934,1009000936,서울 송파구 방이동,45-4,210265.51556,446364.36553
5,1009000936,올림픽공원,1009,9호선,1009000935,1009000937,서울특별시 송파구 방이동,89,211619.6874,446415.4267
6,1009000938,중앙보훈병원,1009,9호선,1009000937,1009000938,서울 강동구 둔촌동,6-2,213081.44449,447598.70848
7,1078330016,가재울,1078,인천2호선,1078330015,1078330017,인천광역시 서구 가좌동 288,,172053.588,442777.328
8,1092004710,정릉,1092,우이신설선,1092004709,1092004711,성북구 정릉동,286-19,201193.6252,455904.3242
9,1078330019,시민공원,1078,인천2호선,1078330018,1078330020,인천광역시 남구 주안동 189,,171873.611,439923.634
10,1078330020,석바위시장,1078,인천2호선,1078330019,1078330021,인천광역시 남구 주안동 1597,,171873.611,439923.634
11,1078330021,인천시청,1078,인천2호선,1078330020,1078330022,인천광역시 남동구 예술로 지하 264,,173567.395,439763.651
12,1078330022,석천사거리,1078,인천2호선,1078330021,1078330023,인천광역시 남동구 구월동 73-3,,174407.289,439739.653
13,1078330023,모래내시장,1078,인천2호선,1078330022,1078330024,인천광역시 남구 구월동 341-6,,175231.182,439637.665
14,1078330024,만수,1078,인천2호선,1078330023,1078330025,인천광역시 남동구 만수동 993,,176257.045,439543.675
15,1078330025,남동구청,1078,인천2호선,1078330024,1078330026,인천광역시 남동구 만수동 1006,,176704.989,438781.756
16,1078330026,인천대공원,1078,인천2호선,1078330025,1078330027,인천광역시 남동구 장수동 606-9,,178178.802,438803.754
17,1067080129,천마산,1067,경춘선,1067080128,1067080130,경기도 남양주시 화도음 묵현리,산99-16,225176.2,462195.9
18,1067080130,마석,1067,경춘선,1067080129,1067080131,경기도 남양주시 화도읍 마석중앙로 83-14,,227499.4,461509.0
19,1067080131,대성리,1067,경춘선,1067080130,1067080132,경기도 가평군 청평면 경춘로 88,,233488.6,465020.7
20,1067080132,청평,1067,경춘선,1067080131,1067080133,경기도 가평군 청평면 청평역로 97-33,,237602.1,470726.0
21,1067080133,상천,1067,경춘선,1067080132,1067080134,경기도 가평군 청평면 상천역로 29,,240047.8,474583.6
22,1067080134,가평,1067,경춘선,1067080133,1067080135,경기도 가평군 가평읍 문화로 13-42,,244963.1,479529.1
23,1067080135,굴봉산,1067,경춘선,1067080134,1067080136,강원도 춘천시 남산면 서백길 192,,249086.6,481494.9
24,1067080136,백양리,1067,경춘선,1067080135,1067080137,강원도 춘천시 남산면 북한강변길 690,,251876.2,481380.8
25,1067080137,강촌,1067,경춘선,1067080136,1067080138,강원도 춘천시 남산면 강촌로 34,,255845.7,478619.1
26,1067080138,김유정,1067,경춘선,1067080137,1067080139,강원도 춘천시 신동면 김유정로 1435,,262882.8,480081.0
27,1067080139,남춘천,1067,경춘선,1067080138,1067080140,강원도 춘천시 영서로 2260,,263686.7,485156.5
28,1067080140,춘천,1067,경춘선,1067080139,1067080140,강원도 춘천시 평화로1,,263070.8,487492.2
29,1069073110,계양,1069,인천1호선,1069073110,1069073111,인천광역시 계양구 다남로 24,,176718.9,452476.1
30,1069073111,귤현,1069,인천1호선,1069073110,1069073112,인천광역시 계양구 장제로 1136,,177267.8,451893.2
31,1069073112,박촌,1069,인천1호선,1069073111,1069073113,인천광역시 계양구 장제로 지하992,,177471.8,450490.3
32,1069073113,임학,1069,인천1호선,1069073112,1069073114,인천광역시 계양구 장제로 지하875,,176902.9,449534.5
33,1069073114,계산,1069,인천1호선,1069073113,1069073115,인천광역시 계양구 경명대로 지하1089,,175940.0,449349.4
34,1003000309,원흥,1003,3호선,1003000317,1003000318,경기 고양시 덕양구 원흥동,,188780.7,461245.1
35,1063075319,강매,1063,경의중앙선,1063075320,1063075318,경기도 고양시 덕양구 소원로 202,,186216.5,456976.1
36,1065006501,서울,1065,공항철도,1065006501,1065006502,서울특별시 용산구 동자동,14,197313.8378,450432.7797
37,1065006502,공덕,1065,공항철도,1065006501,1065006503,서울 마포구 도화동,25-13,195824.3,449236.4
38,1065006503,홍대입구,1065,공항철도,1065006502,1065006504,서울특별시 마포구 동교동,165,193520.2917,450917.89
39,1065006504,디지털미디어시티,1065,공항철도,1065006503,1065065042,서울특별시 은평구 증산동,223-27,191147.1605,453125.8651
40,1065006505,김포공항,1065,공항철도,1065065042,1065006506,서울 강서구 방화동,738,182524.5,451427.1
41,1065006506,계양,1065,공항철도,1065006505,1065006507,인천광역시 계양구 귤현동,451-267,176764.4507,452501.689
42,1065006507,검암,1065,공항철도,1065006506,1065065071,인천광역시 서구 검암동,414-204,171157.002,452224.3208
43,1065065071,청라국제도시,1065,공항철도,1065006507,1065065072,인천광역시 서구 경서동 519,404-170,166813.0,450831.5
44,1065006509,공항화물청사,1065,공항철도,1065006508,1065006510,인천광역시 중구 운서동,2164,153762.3962,440097.0217
45,1065006510,인천공항1터미널,1065,공항철도,1065006509,1065006510,인천광역시 중구 운서동,2851,151530.3543,438833.6898
46,1065006511,인천공항2터미널,1065,공항철도,1065006510,1065006511,인천광역시 중구 운서동,2851,149885.0759,441219.6985
47,1071075250,오이도,1071,수인선,1071075250,1071075251,경기도 시흥시 역전로 430,,176858.8,429299.0
48,1071075251,달월,1071,수인선,1071075250,1071075252,경기 시흥시 월곶동 689,,177459.0,431225.6
49,1071075252,월곶,1071,수인선,1071075251,1071075253,경기도 시흥시 월곶중앙로14번길 56,,177219.7,432534.7
50,1063075331,금촌,1063,경의중앙선,1063075333,1063075330,경기도 파주시 새꽃로 193,,180133.2,474071.4
51,1063075330,금릉,1063,경의중앙선,1063075331,1063075329,경기도 파주시 금릉역로 85,,179319.3,472425.6
52,1063075329,운정,1063,경의중앙선,1063075330,1063075328,경기도 파주시 운정역길 368,,179475.3,469567.9
53,1063075327,탄현,1063,경의중앙선,1063075328,1063075326,경기도 고양시 일산서구 경의로 848,,178932.5,466064.4
54,1063075326,일산,1063,경의중앙선,1063075327,1063075325,경기도 고양시 일산서구 경의로 672,,179710.4,464735.6
55,1063075325,풍산,1063,경의중앙선,1063075326,1063075324,경기도 고양시 일산동구 경의로 486,,181147.2,463652.7
56,1063075324,백마,1063,경의중앙선,1063075325,1063075323,경기도 고양시 일산동구 경의로 318,,181880.1,462072.8
57,1063075323,곡산,1063,경의중앙선,1063075324,1063075322,경기도 고양시 일산동구 경의로 160,,182513.0,460698.0
58,1063075322,대곡,1063,경의중앙선,1063075323,1063075321,경기도 고양시 덕양구 대주로 107번길 71-81,,183219.9,459165.1
59,1063075321,능곡,1063,경의중앙선,1063075322,1063075320,경기도 고양시 덕양구 토당로 35,,184145.8,457735.2
60,1063075320,행신,1063,경의중앙선,1063075321,1063075319,경기도 고양시 덕양구 소원로 102,,185365.7,456963.4
61,1063075318,화전,1063,경의중앙선,1063075319,1063075317,경기도 고양시 덕양구 화랑로 53,,188370.2,455950.5
62,1063075317,수색,1063,경의중앙선,1063075318,1063075316,서울특별시 은평구 수색로 261-1,,190785.0,453490.8
63,1063075316,디지털미디어시티,1063,경의중앙선,1063075317,1063075315,서울특별시 은평구 수색로 193,,191225.9,453110.7
64,1063075315,가좌,1063,경의중앙선,1063075316,1063075314,서울특별시 서대문구 수색로 27,,192472.7,452137.9
65,1063075314,홍대입구,1063,경의중앙선,1063075315,1063075313,서울특별시 마포구 양화로 지하188,,193560.6,450889.1
66,1063075313,서강대,1063,경의중앙선,1063075314,1063075312,서울특별시 마포구 서강로 지하118,,194295.6,450302.1
67,1063075312,공덕,1063,경의중앙선,1063075313,1063075826,서울특별시 마포구 마포대로 지하92,,195807.3,449230.2
68,1063075110,용산,1063,경의중앙선,1063075826,1063075111,서울특별시 용산구 한강대로23길 55,,196887.1,447782.9
69,1063075111,이촌,1063,경의중앙선,1063075110,1063075112,서울특별시 용산구 이촌로71길 42,,197661.1,446993.1
70,1063075335,문산,1063,경의중앙선,1063075335,1063075334,경기도 파주시 문산읍 문산역로 94,,181285.1,483886.4
71,1063075334,파주,1063,경의중앙선,1063075335,1063075333,경기도 파주시 파주읍 주라위길 38,,181747.0,479538.9
72,1063075333,월롱,1063,경의중앙선,1063075334,1063075331,경기도 파주시 월롱면 통일로 980,,181719.0,477381.1
73,1063075112,서빙고,1063,경의중앙선,1063075111,1063075113,서울특별시 용산구 서빙고로 238,,198966.9,446679.1
74,1063075113,한남,1063,경의중앙선,1063075112,1063075114,서울특별시 용산구 독서당로6길 12-13,,200809.7,447767.0
75,1063075114,옥수,1063,경의중앙선,1063075113,1063075115,서울특별시 성동구 동호로 지하21,,201654.6,448999.8
76,1063075115,응봉,1063,경의중앙선,1063075114,1063075116,서울특별시 성동구 고산자로 123,,203044.4,450043.7
77,1063075116,왕십리,1063,경의중앙선,1063075115,1063075117,서울특별시 성동구 왕십리광장로 17,,203386.3,451395.6
78,1063075117,청량리,1063,경의중앙선,1063075116,1063075118,서울특별시 동대문구 왕산로 214,,204244.2,453442.3
79,1063075118,회기,1063,경의중앙선,1063075117,1063075119,서울특별시 동대문구 회기로 196,,205123.2,454458.3
80,1063075119,중랑,1063,경의중앙선,1063075118,1063075120,서울특별시 중랑구 중랑역로 9,,206718.9,455045.3
81,1063075120,상봉,1063,경의중앙선,1063075119,1063075121,서울특별시 중랑구 망우로 297,,207512.8,455241.1
82,1063075121,망우,1063,경의중앙선,1063075120,1063075122,서울 중랑구 망우로 55길 11-10,,208157.7,455530.2
83,1063075122,양원,1063,경의중앙선,1063075121,1063075123,서울특별시 중랑구 송림길 147,,209537.6,456344.1
84,1063075123,구리,1063,경의중앙선,1063075122,1063075124,경기도 구리시 건원대로 34번길 32-29,,212654.2,455974.1
85,1063075124,도농,1063,경의중앙선,1063075123,1063075125,경기도 남양주시 경춘로 433,,214229.9,456587.0
86,1063075125,양정,1063,경의중앙선,1063075124,1063075126,경기도 남양주시 경강로 237,,217185.6,456068.1
87,1063075126,덕소,1063,경의중앙선,1063075125,1063075127,경기도 남양주시 와부읍 덕소로 56,,218442.4,454170.3
88,1063075127,도심,1063,경의중앙선,1063075126,1063075128,경기도 남양주시 와부읍 덕소로 237,,219662.2,453370.4
89,1063075128,팔당,1063,경의중앙선,1063075127,1063075129,경기도 남양주시 와부읍 팔당로 107,,221557.0,449790.8
90,1063075129,운길산,1063,경의중앙선,1063075128,1063075130,경기도 남양주시 조안면 운길산로 20,,227404.3,450618.7
91,1063075130,양수,1063,경의중앙선,1063075129,1063075131,경기도 양평군 양서면 목왕로 55-10,,229079.1,449658.8
92,1063075131,신원,1063,경의중앙선,1063075130,1063075132,경기도 양평군 양서면 신원역길 5-3,,232972.5,447413.0
93,1063075132,국수,1063,경의중앙선,1063075131,1063075133,경기도 양평군 양서면 국수역길 45,,235295.3,446376.2
94,1063075133,아신,1063,경의중앙선,1063075132,1063075134,경기도 양평군 옥천면 아신역1길 23-3,,239168.8,446148.1
95,1063075134,오빈,1063,경의중앙선,1063075133,1063075135,경기도 양평군 옥천면 오빈리,산54-4,241874.4,445297.2
96,1063075135,양평(경의중앙선),1063,경의중앙선,1063075134,1063075136,경기도 양평군 양평읍 역전길 30,,243520.2,443819.4
97,1063075136,원덕,1063,경의중앙선,1063075135,1063075137,경기도 양평군 양평읍 원덕흑천길 136,,248345.6,441182.7
98,1063075137,용문,1063,경의중앙선,1063075136,1063075138,경기도 양평군 용문면 용문역길 21,,252515.0,442655.5
99,1063080312,신촌(경의중앙선),1063,경의중앙선,1063075315,1063080313,서울특별시 서대문구 신촌역로 30,,194859.2,451129.6
100,1063080313,서울,1063,경의중앙선,1063080312,1063080313,서울특별시 용산구 한강대로 405,,197320.9,450673.7
101,1067080119,광운대,1067,경춘선,1067080119,1067080120,서울특별시 노원구 석계로 98-2,98-2,205470.8,458262.9
102,1067080120,상봉,1067,경춘선,1067080118,1067080121,서울특별시 중랑구 망우로 297,,207514.0,455274.2
103,1067080121,망우,1067,경춘선,1067080120,1067080122,서울 중랑구 망우로 55길 11-10,,208109.9,455615.7
104,1067080122,신내,1067,경춘선,1067080121,1067080123,서울특별시 중랑구 망우동,320-2,209112.3,457025.0
105,1067080123,갈매,1067,경춘선,1067080122,1067080124,경기도 구리시 갈매동 경춘북로 229,,210124.6,459390.3
106,1067080124,별내,1067,경춘선,1067080123,1067080125,경기도 남양주시 별내면 화접리 182-5,184-2,211207.5,460279.2
107,1091004800,인천공항1터미널,1091,자기부상선,1091004800,1091004801,인천광역시 중구 운서동,2851,151530.3543,438833.6898
108,1092004703,4.19 민주묘지,1092,우이신설선,1092004702,1092004704,강북구 우이동,72-186,201210.8667,461081.4933
109,1092004704,가오리,1092,우이신설선,1092004703,1092004705,강북구 수유동,338-46,201483.673,460200.9858
110,1092004712,보문,1092,우이신설선,1092004711,1092004713,강북구 우이동,57-28,201715.0345,453965.6894
111,1092004709,북한산보국문,1092,우이신설선,1092004708,1092004710,성북구 정릉동,286-19,200723.6784,456955.9941
112,1092004701,북한산우이,1092,우이신설선,1092004701,1092004702,서울특별시 강북구 우이동,16-20,201115.9926,462597.2447
113,1092004706,삼양,1092,우이신설선,1092004705,1092004707,강북구 미아동,791-4703,201600.4408,458587.6784
114,1092004707,삼양사거리,1092,우이신설선,1092004706,1092004708,강북구 우이동,57-28,201807.9635,457974.7441
115,1092004711,성신여대입구,1092,우이신설선,1092004710,1092004712,성북구 동소문동,134,201455.2722,454790.243
116,1092004702,솔밭공원,1092,우이신설선,1092004701,1092004703,강북구 우이동,57-28,201172.8946,461816.7812
117,1092004708,솔샘,1092,우이신설선,1092004707,1092004709,강북구 미아동,1353-20,201188.6102,457846.3727
118,1092004713,신설동,1092,우이신설선,1092004712,1092004713,강북구 우이동,57-28,202045.9497,453015.5772
119,1067080125,퇴계원,1067,경춘선,1067080124,1067080126,경기도 남양주시 퇴계원면 경춘북로 545,,212737.3,460993.1
120,1067080126,사릉,1067,경춘선,1067080125,1067080127,경기도 남양주시 진건읍 진건우회로 72-8,604-1,215604.9,461293.1
121,1067080127,금곡,1067,경춘선,1067080126,1067080128,경기도 남양주시 경춘로 903,,218314.5,459769.2
122,1067080128,평내호평,1067,경춘선,1067080127,1067080129,경기도 남양주시 경춘로 1375,,221566.1,461537.1
123,1069073136,인천대입구,1069,인천1호선,1069073135,1069073137,인천광역시 연수구 인천타워대로 지하155,,168079.0,431949.4
124,1069073137,센트럴파크,1069,인천1호선,1069073136,1069073138,인천광역시 연수구 인천타워대로 지하240,,167678.0,432685.2
125,1069073138,국제업무지구,1069,인천1호선,1069073137,1069073138,인천광역시 연수구 인천타워대로 지하334,,167282.1,433450.2
126,1071075253,소래포구,1071,수인선,1071075252,1071075254,인천광역시 남동구 소래역로 51,,176397.8,433558.5
127,1071075254,인천논현,1071,수인선,1071075253,1071075255,인천광역시 남동구 청능대로 567,,175427.0,433521.5
128,1071075255,호구포,1071,수인선,1071075254,1071075256,인천광역시 남동구 호구포로 205,,174204.1,433637.5
129,1071075256,남동인더스파크,1071,수인선,1071075255,1071075257,인천광역시 남동구 은청로 17,,173048.3,434308.5
130,1071075257,원인재,1071,수인선,1071075256,1071075258,인천광역시 연수구 벚꽃로 195,,172241.4,434928.4
131,1071075258,연수,1071,수인선,1071075257,1071075259,인천광역시 연수구 벚꽃로 115,,171536.4,435475.3
132,1071075259,송도,1071,수인선,1071075258,1071075261,인천광역시 연수구 비류대로 175,,169412.7,436818.2
133,1075075209,청량리,1075,수인분당선,1075075209,1075075210,서울특별시 동대문구 왕산로 214,,204244.2,453442.3
134,1075075210,왕십리,1075,수인분당선,1075075209,1075075211,서울특별시 성동구 완십리광장로 17,,203424.7,451240.4
135,1075075211,서울숲,1075,수인분당선,1075075210,1075075212,서울특별시 성동구 왕십리로 지하77,,203952.7,449348.6
136,1075075212,압구정로데오,1075,수인분당선,1075075211,1075075213,서울특별시 강남구 압구정로 지하402,,203583.7,447556.7
137,1075075213,강남구청,1075,수인분당선,1075075212,1075075214,서울특별시 강남구 학동로 지하346,,203667.7,446352.9
138,1075075214,선정릉,1075,수인분당선,1075075213,1075075215,서울특별시 강남구 선릉로 지하580,,203853.6,445730.0
139,1075075215,선릉,1075,수인분당선,1075075214,1075075216,서울특별시 강남구 삼성2동,143-42,204321.7615,445053.7427
140,1075075216,한티,1075,수인분당선,1075075215,1075075217,서울특별시 강남구 대치동,1101-8,204682.8314,444096.4057
141,1075075217,도곡,1075,수인분당선,1075075216,1075075218,서울특별시 강남구 도곡2동,467-5,204876.0,443564.0
142,1075075218,구룡,1075,수인분당선,1075075217,1075075219,서울특별시 강남구 개포동,175,205277.2,443083.1
143,1075075219,개포동,1075,수인분당선,1075075218,1075075220,서울특별시 강남구 개포동,182-1,205836.2861,443315.2559
144,1075075220,대모산입구,1075,수인분당선,1075075219,1075075221,서울특별시 강남구 개포동,611,206436.8025,443563.9025
145,1075075221,수서,1075,수인분당선,1075075220,1075075222,서울특별시 강남구 수서동,439-2,209021.5,443064.4
146,1075075222,복정,1075,수인분당선,1075075221,1075075223,서울특별시 송파구 장지동,600,211197.0,441042.7
147,1075075223,가천대,1075,수인분당선,1075075222,1075075224,경기도 성남시 수정구 태평동,5113-9,211215.0646,438829.119
148,1075075224,태평,1075,수인분당선,1075075223,1075075225,경기도 성남시 수정구 태평동,,211302.4255,437869.7794
149,1075075225,모란,1075,수인분당선,1075075224,1075075226,경기도 성남시 중원구 성남동,1575,211427.8386,437003.0728
150,1075075226,야탑,1075,수인분당선,1075075225,1075075227,경기도 성남시 분당구 야탑동,688-1,211399.9372,434653.3872
151,1075075227,이매,1075,수인분당선,1075075226,1075075228,경기도 성남시 분당구 이매동,,211358.5954,432929.9732
152,1075075228,서현,1075,수인분당선,1075075227,1075075229,경기도 성남시 분당구 서현동,263,210937.1811,431755.9358
153,1075075229,수내,1075,수인분당선,1075075228,1075075230,경기도 성남시 분당구 수내동,14,210127.4487,431031.1245
154,1063075826,효창공원앞,1063,경의중앙선,1063075312,1063075110,서울특별시 용산구 용문동 5-157,,196585.8,448892.9
155,1069073115,경인교대입구,1069,인천1호선,1069073114,1069073116,인천광역시 계양구 계양대로 지하162,,175487.1,448759.5
156,1069073116,작전,1069,인천1호선,1069073115,1069073117,인천광역시 계양구 계양대로 지하73,,175478.0,447905.6
157,1069073117,갈산,1069,인천1호선,1069073116,1069073118,인천광역시 부평구 부평대로 지하286,,175387.1,446454.8
158,1069073118,부평구청,1069,인천1호선,1069073117,1069073119,인천광역시 부평구 부평대로 지하189,,175295.0,445458.8
159,1069073119,부평시장,1069,인천1호선,1069073118,1069073120,인천광역시 부평구 부평대로 지하69,,175443.0,444378.0
160,1069073120,부평,1069,인천1호선,1069073119,1069073121,인천광역시 부평구 광장로 지하15,,175549.0,443465.0
161,1069073121,동수,1069,인천1호선,1069073120,1069073122,인천광역시 부평구 경인로 지하877,,175106.1,442930.1
162,1069073122,부평삼거리,1069,인천1호선,1069073121,1069073123,인천광역시 부평구 경인로 지하765,,174373.2,442076.3
163,1069073123,간석오거리,1069,인천1호선,1069073122,1069073124,인천광역시 남동구 경인로 지하642,,174156.2,440883.4
164,1069073124,인천시청,1069,인천1호선,1069073123,1069073125,인천광역시 남동구 예술로 지하264,,173653.3,439835.5
165,1069073125,예술회관,1069,인천1호선,1069073124,1069073126,인천광역시 남동구 예술로 지하172,,173535.3,438823.6
166,1069073126,인천터미널,1069,인천1호선,1069073125,1069073127,인천광역시 남구 예술로 지하85,,173428.3,438117.6
167,1069073127,문학경기장,1069,인천1호선,1069073126,1069073128,인천광역시 연수구 예술로 지하2,,173310.4,437289.8
168,1069073128,선학,1069,인천1호선,1069073127,1069073129,인천광역시 연수구 경원대로 지하480,,173353.3,436440.8
169,1069073129,신연수,1069,인천1호선,1069073128,1069073130,인천광역시 연수구 경원대로 지하368,,172898.4,435448.9
170,1069073130,원인재,1069,인천1호선,1069073129,1069073131,인천광역시 연수구 경원대로 지하285,,172368.4,434827.0
171,1069073131,동춘,1069,인천1호선,1069073130,1069073132,인천광역시 연수구 경원대로 지하180,,171747.5,433973.1
172,1069073132,동막,1069,인천1호선,1069073131,1069073133,인천광역시 연수구 경원대로 지하80,,171083.6,433228.2
173,1069073133,캠퍼스타운,1069,인천1호선,1069073132,1069073134,인천광역시 연수구 송도국제대로 지하66,,170080.8,432169.3
174,1069073134,테크노파크,1069,인천1호선,1069073133,1069073135,인천광역시 연수구 송도국제대로 지하150,,169539.8,431469.4
175,1069073135,지식정보단지,1069,인천1호선,1069073134,1069073136,인천광역시 연수구 인천타워대로 지하57,,168628.9,430985.5
176,1075075230,정자,1075,수인분당선,1075075229,1075075231,경기도 성남시 분당구 정자동,176-1,209569.5162,429668.1718
177,1075075231,미금,1075,수인분당선,1075075230,1075075232,경기도 성남시 분당구 구미동,507-13,209648.6431,427881.172
178,1075075232,오리,1075,수인분당선,1075075231,1075075233,경기도 성남시 분당구 구미동,795,209654.4251,426756.9346
179,1075075233,죽전,1075,수인분당선,1075075232,1075075234,경기도 용인시 수지구 죽전동,1025,209523.0174,424994.863
180,1075075234,보정,1075,수인분당선,1075075233,1075075235,경기도 용인시 구성면 보정읍,195-6,209609.0,423779.2
181,1075075235,구성,1075,수인분당선,1075075234,1075075236,경기 용인시 기흥구 마북동,457,209327.4,422190.1
182,1077000687,강남,1077,신분당선,1077000687,1077000688,서울특별시 강남구 강남대로 지하396,,202498.3,444136.1
183,1092004705,화계,1092,우이신설선,1092004704,1092004706,강북구 수유동,472-677,201541.5775,459395.7851
184,1078330003,검단사거리,1078,인천2호선,1078330002,1078330004,인천광역시 서구 왕길동 234-1번지,,169675.899,455847.929
185,1091004801,장기주차장,1091,자기부상선,1091004800,1091004802,인천광역시 중구 운서동 인근,000-00,151840.6692,438421.1388
186,1091004802,합동청사,1091,자기부상선,1091004801,1091004803,인천광역시 중구 운서동,2850-10,152097.7261,438052.8723
187,1091004803,파라다이스 시티,1091,자기부상선,1091004802,1091004804,인천광역시 중구 운서동 인근,000-00,152206.6633,437683.5751
188,1091004804,워터파크,1091,자기부상선,1091004803,1091004805,인천광역시 중구 운서동 인근,000-00,149903.8722,436809.8094
189,1091004805,용유,1091,자기부상선,1091004804,1091004805,인천광역시 중구 용유로 44,2866,148993.2942,436321.8016
190,1065006508,운서,1065,공항철도,1065065072,1065006509,인천광역시 중구 운서동,1427-23,155223.6805,443839.1557
191,1093004001,소사,1093,서해선,1093004001,1093004002,경기도 부천시 소사로,284,181871.083,442635.0172
192,1093004002,소새울,1093,서해선,1093004001,1093004003,경기도 부천시 소사로,120,182039.3876,441081.9955
193,1093004003,시흥대야,1093,서해선,1093004002,1093004004,경기도 시흥시 서해안로1670번길,6,181685.6654,438987.6662
194,1093004004,신천,1093,서해선,1093004003,1093004005,경기도 시흥시 신천로,92,181109.7705,437770.114
195,1093004005,신현,1093,서해선,1093004004,1093004006,경기도 시흥시 시흥대로,819,181206.2323,434513.3492
196,1093004006,시흥시청,1093,서해선,1093004005,1093004007,경기도 시흥시 광석동,397,182810.9915,431390.7492
197,1093004007,시흥능곡,1093,서해선,1093004006,1093004008,경기도 시흥시 시흥대로,327,183058.0096,430099.0687
198,1093004008,달미,1093,서해선,1093004007,1093004009,경기도 안산시 단원구 선부동,481,183109.699,427757.2089
199,1093004009,선부,1093,서해선,1093004008,1093004010,경기도 안산시 단원구 선부동,1074-1,183163.4295,426148.9937
200,1093004010,초지,1093,서해선,1093004009,1093004011,경기도 안산시 단원구 초지동,602-2,183000.4144,424503.9334
201,1093004011,원곡,1093,서해선,1093004010,1093004012,경기도 안산시 단원구 원시동,804,181894.037,423789.3701
202,1093004012,원시,1093,서해선,1093004011,1093004012,경기도 안산시 단원구 원시동,803,181099.5392,422623.474
203,1077006813,미금,1077,신분당선,1077006812,1077006814,,,,
204,1065065042,마곡나루,1065,공항철도,1065006504,1065006505,서울특별시 강서구 마곡동 373-10,373-10,,
205,1001080144,금천구청,1001,1호선,1001080143,1001080145,서울특별시 금천구 시흥1동,113-77,190606.9807,439561.4567
206,1001080145,석수,1001,1호선,1001080144,1001080146,경기도 안양시 만안구 석수동,422-3,191330.6143,437459.9057
207,1001080146,관악,1001,1호선,1001080145,1001080147,경기도 안양시 석수2동,262,191955.1373,435509.5113
208,1001080147,안양,1001,1호선,1001080146,1001080148,경기도 안양시 만안구 안양1동,88-1,193183.5051,433578.4177
209,1001080148,명학,1001,1호선,1001080147,1001080149,경기도 안양시 만안구 안양6동,383-1,194268.0405,431777.6508
210,1001080149,금정,1001,1호선,1001080148,1001080150,경기도 군포시 금정동,87-1,194983.4496,430333.4042
211,1001080150,군포,1001,1호선,1001080149,1001080151,경기도 군포시 당동,134-1,195448.6969,428274.0598
212,1001080151,당정,1001,1호선,1001080150,1001080152,경기도 군포시 당정동,938,195425.0436,427249.8875
213,1001080152,의왕,1001,1호선,1001080151,1001080153,경기도 의왕시 삼동,191,195409.31,424585.9395
214,1001080153,성균관대,1001,1호선,1001080152,1001080154,경기도 수원시 장안구 율전동,495-3,197509.0449,422341.8688
215,1001080154,화서,1001,1호선,1001080153,1001080155,경기도 수원시 장안구 화서2동,464,199083.2149,420553.3691
216,1001080155,수원,1001,1호선,1001080154,1001080156,경기도 수원시 권선구 매산로1가,18,200008.1,418504.1
217,1001080156,세류,1001,1호선,1001080155,1001080157,경기도 수원시 권선구 장지동,25-4,201217.7007,416063.3653
218,1001080157,병점,1001,1호선,1001080156,1001080158,경기도 화성시 태안읍,진안2리,202960.5,411986.5
219,1001080158,세마,1001,1호선,1001080157,1001080159,경기도 오산시 세마동,225,203832.1303,409777.6488
220,1001080159,오산대,1001,1호선,1001080158,1001080160,경기도 오산시 수청동,540-2,205602.9106,407814.9824
221,1001080160,오산,1001,1호선,1001080159,1001080161,경기도 오산시 오산동,603-1,205938.9423,405173.3549
222,1001080161,진위,1001,1호선,1001080160,1001080162,경기도 평택시 진위면 하북리,139-3,205545.0673,401222.7769
223,1001080162,송탄,1001,1호선,1001080161,1001080163,경기도 평택시 신장2동,285,204833.5324,397357.1404
224,1001080163,서정리,1001,1호선,1001080162,1001080164,경기도 평택시 서정동,427-1,204714.1594,395346.7393
225,1001080164,지제,1001,1호선,1001080163,1001080165,경기도 평택시 지제동,560,206304.4275,391066.5514
226,1001080165,평택,1001,1호선,1001080164,1001080166,경기도 평택시 평택동,,207597.5221,388010.0978
227,1001080166,성환,1001,1호선,1001080165,1001080167,충청남도 천안시 성환읍 성환리,449-128,211310.6754,379715.934
228,1001080167,직산,1001,1호선,1001080166,1001080168,충청남도 천안시 직산읍 모시리,58-11,212828.9837,374704.5852
229,1001080168,두정,1001,1호선,1001080167,1001080169,충청남도 천안시 부성동,83-29,213298.5128,370485.6967
230,1001080169,천안,1001,1호선,1001080168,1001080170,충청남도 천안시 대흥동,57-1,213058.5347,367964.5461
231,1001080170,봉명,1001,1호선,1001080169,1001080171,충청남도 천안시 봉명동,24-19,212124.7662,366977.6611
232,1001080171,쌍용(나사렛대),1001,1호선,1001080170,1001080172,충청남도 천안시 쌍용동,426-3,210847.1162,366121.8277
233,1001080172,아산,1001,1호선,1001080171,1001080173,충청남도 천안시 배방면 장재리,305,209343.5453,366170.911
234,1001080174,배방,1001,1호선,1001080173,1001080175,충청남도 아산시 구령리,148-2,204725.9954,364332.7434
235,1001080175,온양온천,1001,1호선,1001080174,1001080176,충청남도 아산시 구령리,148-2,200314.4831,364656.1036
236,1001080176,신창,1001,1호선,1001080175,1001080176,충청남도 아산시 신창면 행목리,346-43,195531.6189,363435.665
237,1001801571,서동탄,1001,1호선,1001080157,1001801571,경기도 오산시 외삼미동,,204610.3924,410750.9266
238,1002000233,대림,1002,2호선,1002000232,1002000234,서울특별시 구로구 구로동,1204,190704.8,443768.9
239,1007000709,장암,1007,7호선,1007000709,1007000710,경기도 의정부시 장암동,164-9,204687.998,466731.5123
240,1003000323,녹번,1003,3호선,1003000322,1003000324,서울특별시 은평구 녹번동,48,194324.9291,455683.074
241,1007000725,군자,1007,7호선,1007000724,1007000726,서울특별시 광진구 능동,277,207018.7098,450844.3915
242,1007000726,어린이대공원,1007,7호선,1007000725,1007000727,서울특별시 광진구 모진동,3,206598.0346,449861.9084
243,1007000727,건대입구,1007,7호선,1007000726,1007000728,서울특별시 광진구 화양동,7-3,206280.2,449030.8
244,1007000728,뚝섬유원지,1007,7호선,1007000727,1007000729,서울특별시 광진구 노유2동,73,205903.1055,448035.9255
245,1007000729,청담,1007,7호선,1007000728,1007000730,서울특별시 강남구 청담동,75-1,204754.7563,446676.0671
246,1003000324,홍제,1003,3호선,1003000323,1003000325,서울특별시 서대문구 홍제동,330-66,195074.9214,454364.9455
247,1003000325,무악재,1003,3호선,1003000324,1003000326,서울특별시 서대문구 홍제4동,26-1,195613.439,453662.1018
248,1003000326,독립문,1003,3호선,1003000325,1003000327,서울특별시 서대문구 현저동,101,196271.0011,452772.9679
249,1003000327,경복궁,1003,3호선,1003000326,1003000328,서울특별시 종로구 적선동,81-1,197659.9536,452928.0872
250,1003000328,안국,1003,3호선,1003000327,1003000329,서울특별시 종로구 안국동,148,198751.637,453034.2637
251,1003000329,종로3가,1003,3호선,1003000328,1003000330,서울특별시 종로구 돈의동,46,199270.9,452469.7
252,1003000330,을지로3가,1003,3호선,1003000329,1003000331,서울특별시 중구 을지로3가,70-1,199351.7486,451872.9288
253,1003000331,충무로,1003,3호선,1003000330,1003000332,서울특별시 중구 충무로4가,125,199510.9,451308.1
254,1003000332,동대입구,1003,3호선,1003000331,1003000333,서울특별시 중구 장충동2가,189-2,200525.8383,451065.6825
255,1003000333,약수,1003,3호선,1003000332,1003000334,서울특별시 중구 신당3동,373-13,200970.2,450538.1
256,1003000334,금호,1003,3호선,1003000333,1003000335,서울특별시 성동구 금호동4가,1470,201406.3206,449856.4076
257,1003000335,옥수,1003,3호선,1003000334,1003000336,서울특별시 성동구 옥수동,168-1,201569.864,449079.1535
258,1003000336,압구정,1003,3호선,1003000335,1003000337,서울특별시 강남구 압구정동,668,202517.4,447521.2
259,1003000337,신사,1003,3호선,1003000336,1003000338,서울특별시 강남구 신사동,501,201771.0222,446327.0691
260,1003000338,잠원,1003,3호선,1003000337,1003000339,서울특별시 서초구 잠원동,65-17,200971.2164,445921.1251
261,1003000339,고속터미널,1003,3호선,1003000338,1003000340,서울특별시 서초구 반포1동,162,200439.1111,445061.7323
262,1003000340,교대,1003,3호선,1003000339,1003000341,서울특별시 서초구 서초1동,1715-9,201221.8,443721.4
263,1003000341,남부터미널,1003,3호선,1003000340,1003000342,서울특별시 서초구 서초3동,1446-1,201425.2223,442873.1274
264,1003000342,양재,1003,3호선,1003000341,1003000343,서울특별시 서초구 양재1동,27-2,203007.7874,442807.8308
265,1003000343,매봉,1003,3호선,1003000342,1003000344,서울특별시 강남구 도곡2동,464-1,204111.4,443044.8
266,1003000344,도곡,1003,3호선,1003000343,1003000345,서울특별시 강남구 도곡2동,467-5,204893.5538,443503.3598
267,1003000345,대치,1003,3호선,1003000344,1003000346,서울특별시 강남구 대치2동,509,205612.1491,443906.7989
268,1003000346,학여울,1003,3호선,1003000345,1003000347,서울특별시 강남구 대치동,514,206188.0,444121.2
269,1003000347,대청,1003,3호선,1003000346,1003000348,서울특별시 강남구 개포동,18-10,207036.3334,443812.4572
270,1003000348,일원,1003,3호선,1003000347,1003000349,서울특별시 강남구 일원본동,214,207468.2858,442746.5988
271,1003000349,수서,1003,3호선,1003000348,1003000350,서울특별시 강남구 수서동,439-2,208965.9,443092.7
272,1003000350,가락시장,1003,3호선,1003000349,1003000351,서울특별시 송파구 가락동,298,210414.3129,443665.0421
273,1003000351,경찰병원,1003,3호선,1003000350,1003000352,서울특별시 송파구 가락동,57,211031.5645,444138.3594
274,1003000352,오금,1003,3호선,1003000351,1003000352,서울특별시 송파구 오금동,44-2,211332.5,444731.1
275,1004000409,당고개,1004,4호선,1004000409,1004000410,서울특별시 노원구 상계4동,111,206983.7302,463447.3893
276,1004000410,상계,1004,4호선,1004000409,1004000411,서울특별시 노원구 상계5동,173,206460.4,462359.5
277,1007000737,남성,1007,7호선,1007000736,1007000738,서울특별시 동작구 사당동,250,197438.4179,442797.6934
278,1007000738,숭실대입구,1007,7호선,1007000737,1007000739,서울특별시 동작구 상도5동,178-1,195901.3702,444107.0188
279,1007000739,상도,1007,7호선,1007000738,1007000740,서울특별시 동작구 상도1동,752-2,195375.8208,444874.3923
280,1007000740,장승배기,1007,7호선,1007000739,1007000741,서울특별시 동작구 상도2동,386,194550.5249,445008.6718
281,1007000741,신대방삼거리,1007,7호선,1007000740,1007000742,서울특별시 동작구 대방동,393,193653.1425,444486.4159
282,1007000742,보라매,1007,7호선,1007000741,1007000743,서울특별시 영등포구 신길동,508,192962.2,444497.6
283,1007000743,신풍,1007,7호선,1007000742,1007000744,서울특별시 영등포구 신길동,3599,192053.0341,444533.8325
284,1007000744,대림,1007,7호선,1007000743,1007000745,서울특별시 구로구 구로6동,125-66,190865.2535,443722.146
285,1007000745,남구로,1007,7호선,1007000744,1007000746,서울특별시 구로구 구로동,800,190002.1302,442938.7618
286,1007000746,가산디지털단지,1007,7호선,1007000745,1007000747,서울특별시 금천구 가산동,464-4,189584.2384,442329.6723
287,1007000747,철산,1007,7호선,1007000746,1007000748,경기도 광명시 철산동,526,188316.3556,441864.2187
288,1007000748,광명사거리,1007,7호선,1007000747,1007000749,경기도 광명시 광명동,158,187102.1529,442252.0451
289,1007000749,천왕,1007,7호선,1007000748,1007000750,서울특별시 구로구 오류동,174,185637.5941,443179.8742
290,1007000750,온수,1007,7호선,1007000749,1007000751,서울특별시 구로구 온수동,51-7,184330.0041,443637.584
291,1007000751,까치울,1007,7호선,1007000750,1007000752,경기도 부천시 원미구 길주로 지하 626,626,183318.4,445215.7
292,1007000752,부천종합운동장,1007,7호선,1007000751,1007000753,경기도 부천시 원미구 길주로 지하502,,182077.0,445132.1
293,1007000753,춘의,1007,7호선,1007000752,1007000754,경기도 부천시 원미구 길주로 지하406,,181169.7,444940.2
294,1007000754,신중동,1007,7호선,1007000753,1007000755,경기도 부천시 원미구 길주로 지하314,,180267.8,444862.7
295,1007000755,부천시청,1007,7호선,1007000754,1007000756,경기도 부천시 원미구 길주로 지하202,,179132.5,445053.7
296,1007000756,상동,1007,7호선,1007000755,1007000757,경기도 부천시 원미구 길주로 지하104,,178177.1,445177.6
297,1007000757,삼산체육관,1007,7호선,1007000756,1007000758,인천광역시 부평구 길주로 지하713,,177138.2,445261.1
298,1007000758,굴포천,1007,7호선,1007000757,1007000759,인천광역시 서구 환경로28번길 42,,176246.3,445323.6
299,1007000759,부평구청,1007,7호선,1007000758,1007000759,인천광역시 부평구 길주로 지하 527,,175366.9,445372.1
300,1008000812,강동구청,1008,8호선,1008000811,1008000813,서울특별시 강동구 성내동,319,210657.1,447904.8
301,1008000813,몽촌토성,1008,8호선,1008000812,1008000814,서울특별시 송파구 방이2동,44,209956.1401,446496.6209
302,1008000814,잠실,1008,8호선,1008000813,1008000815,서울특별시 송파구 잠실5동,27,209321.7,446171.1
303,1008000815,석촌,1008,8호선,1008000814,1008000816,서울특별시 송파구 송파동,19,209473.4,445088.5
304,1008000816,송파,1008,8호선,1008000815,1008000817,서울특별시 송파구 가락동,479,209903.1,444496.0
305,1008000817,가락시장,1008,8호선,1008000816,1008000818,서울특별시 송파구 가락동,298,210445.1869,443769.6643
306,1008000818,문정,1008,8호선,1008000817,1008000819,서울특별시 송파구 문정동,56,210803.9048,443007.7017
307,1008000819,장지,1008,8호선,1008000818,1008000820,서울특별시 송파구 장지동,217,211204.1009,442056.4752
308,1006000646,화랑대,1006,6호선,1006000645,1006000647,서울특별시 노원구 공릉2동,284-5,207260.5761,457808.2447
309,1004000447,반월,1004,4호선,1004000446,1004000448,경기도 안산시 상록구 건건동,,191463.4008,423629.2065
310,1004000448,상록수,1004,4호선,1004000447,1004000449,경기도 안산시 상록구 일동,,188164.308,422639.1384
311,1004000449,한대앞,1004,4호선,1004000448,1004000450,경기도 안산시 상록구 이동,산17-3,187030.9895,423415.6977
312,1004000450,중앙,1004,4호선,1004000449,1004000451,경기도 안산시 단원구 고잔동,167-378,185684.224,424106.4023
313,1004000451,고잔,1004,4호선,1004000450,1004000452,경기도 안산시 단원구 고잔동,453-53,184311.2864,424198.9913
314,1004000452,초지,1004,4호선,1004000451,1004000453,경기도 안산시 단원구 초지동,27-1,182794.2233,424631.8537
315,1004000453,안산,1004,4호선,1004000452,1004000454,경기도 안산시 단원구 원곡동,377-1,181420.9113,425228.846
316,1004000454,신길온천,1004,4호선,1004000453,1004000455,경기도 안산시 단원구 신길동,216-2,179346.3065,426525.5526
317,1004000455,정왕,1004,4호선,1004000454,1004000456,경기도 시흥시 정왕동,,177229.3069,428094.4699
318,1004000456,오이도,1004,4호선,1004000455,1004000456,경기도 시흥시 정왕동,878,176890.2207,429328.4932
319,1005000510,방화,1005,5호선,1005000510,1005000511,서울특별시 강서구 방화3동,410,183487.0057,453216.4038
320,1005000511,개화산,1005,5호선,1005000510,1005000512,서울특별시 강서구 방화3동,531-16,182904.0326,452546.8293
321,1005000512,김포공항,1005,5호선,1005000511,1005000513,서울특별시 강서구 방화동,744,182442.5375,451471.0631
322,1005000513,송정,1005,5호선,1005000512,1005000514,서울특별시 강서구 공항동,27-1,183449.3575,451320.7329
323,1005000514,마곡,1005,5호선,1005000513,1005000515,서울특별시 강서구 가양동,531,184482.7391,451225.535
324,1005000515,발산,1005,5호선,1005000514,1005000516,서울특별시 강서구 가양동,968,185612.3056,451019.3251
325,1005000516,우장산,1005,5호선,1005000515,1005000517,서울특별시 강서구 내발산동,723,185542.1541,449899.3087
326,1005000517,화곡,1005,5호선,1005000516,1005000518,서울특별시 강서구 화곡7동,1075,185906.1069,449127.0783
327,1005000518,까치산,1005,5호선,1005000517,1005000519,서울특별시 강서구 화곡1동,343,186425.4228,448111.7932
328,1005000519,신정,1005,5호선,1005000518,1005000520,서울특별시 양천구 신정동,949,187268.8,447291.4
329,1005000520,목동,1005,5호선,1005000519,1005000521,서울특별시 양천구 목1동,925,188102.9272,447404.6096
330,1005000521,오목교,1005,5호선,1005000520,1005000522,서울특별시 양천구 목1동,405,188974.6093,447247.8971
331,1005000522,양평,1005,5호선,1005000521,1005000523,서울특별시 영등포구 양평동,2가 33-79,189991.0,447343.0
332,1005000523,영등포구청,1005,5호선,1005000522,1005000524,서울특별시 영등포구 당산동3가,385,190745.6,447196.5
333,1005000524,영등포시장,1005,5호선,1005000523,1005000525,서울특별시 영등포구 영등포동 5가,45,191618.006,447040.378
334,1005000525,신길,1005,5호선,1005000524,1005000526,서울특별시 영등포구 신길동,42-2,192523.9118,446467.4487
335,1005000526,여의도,1005,5호선,1005000525,1005000527,서울특별시 영등포구 여의도동,3,193324.5242,446943.0701
336,1005000527,여의나루,1005,5호선,1005000526,1005000528,서울특별시 영등포구 여의도동,85-1,194065.4336,447525.5144
337,1005000528,마포,1005,5호선,1005000527,1005000529,서울특별시 마포구 도화2동,160,195175.5203,448875.2691
338,1005000529,공덕,1005,5호선,1005000528,1005000530,서울 마포구 공덕동,423,195720.8,449474.8
339,1005000530,애오개,1005,5호선,1005000529,1005000531,서울특별시 마포구 아현동,612,196180.2,450454.0
340,1005000531,충정로,1005,5호선,1005000530,1005000532,서울특별시 서대문구 충정로,3가 295-60,196723.8,451205.4
341,1006000647,봉화산,1006,6호선,1006000646,1006000648,서울특별시 중랑구 신내동,643-3,208104.4,457518.2
342,1077000688,양재,1077,신분당선,1077000687,1077000689,서울특별시 서초구 남부순환로 지하2585,,203102.3,442685.3
343,1077000689,양재시민의숲,1077,신분당선,1077000688,1077006810,서울특별시 서초구 매헌로 지하116,,203406.2,441195.5
344,1077006810,청계산입구,1077,신분당선,1077000689,1077006811,서울특별시 서초구 청계산로 지하179,,204864.8,438746.0
345,1077006811,판교,1077,신분당선,1077006810,1077006812,경기도 성남시 분당구 판교역로 지하160,,209846.1,432822.6
346,1077006812,정자,1077,신분당선,1077006811,1077006813,경기도 성남시 분당구 성남대로 지하333,,209613.0,429795.7
347,1009000926,언주,1009,9호선,1009000925,1009000927,서울시 강남구 봉은사로,102번지,202996.0,445321.8
348,1009000927,선정릉,1009,9호선,1009000926,1009000928,서울시 강남구 삼성동,111-114,203894.9,445657.5
349,1009000928,삼성중앙,1009,9호선,1009000927,1009000929,서울시 강남구 삼성동,111-147,204714.3,445958.5
350,1009000929,봉은사,1009,9호선,1009000928,1009000930,서울시 강남구 삼성1동,111-8,205325.0,446093.0
351,1009000930,종합운동장,1009,9호선,1009000929,1009000930,서울특별시 송파구 잠실,123번지,206748.5,445778.5
352,1065065072,영종,1065,공항철도,1065065071,1065006508,인천광역시 중구 백운로414번길 75 (운복동) 영종역,,157848.2865,445865.188
353,1063075328,야당,1063,경의중앙선,1063075329,1063075327,경기도 파주시 소리천로 10,,178974.6,468170.6
354,1067080116,청량리,1067,경춘선,1067080116,1067080117,서울특별시 동대문구 왕산로 214,,204244.2,453442.3
355,1067080117,회기,1067,경춘선,1067080116,1067080118,서울특별시 동대문구 회기로 196,,205123.2,454458.3
356,1067080118,중랑,1067,경춘선,1067080117,1067080120,서울특별시 중랑구 중랑역로 9,,206718.9,455045.3
357,1071075261,인하대,1071,수인선,1071075259,1071075262,인천광역시 남구 용현동 294-3,,168920.8,438831.3
358,1077006814,동천,1077,신분당선,1077006813,1077006815,경기도 용인시 수지구 신수로 지하760,,209124.2518,426529.3222
359,1077006815,수지구청,1077,신분당선,1077006814,1077006816,경기도 용인시 수지구 풍덕천로 지하120,,208421.5364,424838.924
360,1077006816,성복,1077,신분당선,1077006815,1077006817,경기도 용인시 수지구 수지로 지하134,,207099.6228,423798.2257
361,1077006817,상현,1077,신분당선,1077006816,1077006818,경기도 용인시 수지구 광교중앙로 지하312,,206147.3683,422058.437
362,1077006818,광교중앙,1077,신분당선,1077006817,1077006819,경기도 수원시 영통구 도청로 지하45,,204564.2196,421053.4679
363,1077006819,광교,1077,신분당선,1077006818,1077006819,경기도 수원시 영통구 이의동 742,,203943.314,422550.4895
364,1071075262,숭의,1071,수인선,1071075261,1071075263,인천광역시 남구 숭의동 379-72,,167786.5,440232.2
365,1071075263,신포,1071,수인선,1071075262,1071075264,인천광역시 중구 사동 26-19,,166593.4,441074.9
366,1071075264,인천,1071,수인선,1071075263,1071075264,인천광역시 중구 북성동 2가 14,,165927.1,441956.8
367,1079340013,어룡,1079,의정부,1079340012,1079340014,경기도 의정부시 충의로 125,,207509.194,471442.042
368,1079340014,송산,1079,의정부,1079340013,1079340015,경기도 의정부시 충의로 59,,207687.512,470835.587
369,1078330027,운연,1078,인천2호선,1078330026,1081370001,인천광역시 남동구 운연동 131-7,,178738.731,437863.855
370,1081370001,판교,1081,경강선,1078330027,1081370002,,,209938.726,432834.392
371,1081370002,이매,1081,경강선,1081370001,1081370003,,,211274.553,432830.394
372,1081370003,삼동,1081,경강선,1081370002,1081370004,,,218013.691,434390.226
373,1081370004,경기광주,1081,경강선,1081370003,1081370005,,,222437.125,433322.34
374,1081370005,초월,1081,경강선,1081370004,1081370006,,,226574.591,430486.644
375,1081370006,곤지암,1081,경강선,1081370005,1081370007,,,230686.068,427964.912
376,1081370007,신둔도예촌,1081,경강선,1081370006,1081370008,,,235939.392,424057.33
377,1081370008,이천,1081,경강선,1081370007,1081370009,,,239230.965,418425.932
378,1081370009,부발,1081,경강선,1081370008,1081370010,,,243490.422,418021.974
379,1081370011,여주,1081,경강선,1081370010,1079340001,,,255734.848,420587.699
380,1079340001,발곡,1079,의정부,1081370011,1079340002,경기도 의정부시 장곡로 258,,204665.053,469699.198
381,1079340002,회룡,1079,의정부,1079340001,1079340003,경기도 의정부시 평화로 363,,204154.73,469478.314
382,1079340003,범골,1079,의정부,1079340002,1079340004,경기도 의정부시 신흥로 141,,203849.092,469897.006
383,1079340005,의정부시청,1079,의정부,1079340004,1079340006,경기도 의정부시 의정로 69,,203070.969,471057.242
384,1079340006,흥선,1079,의정부,1079340005,1079340007,경기도 의정부시 호국로 1197,,203272.929,471504.329
385,1079340007,의정부중앙,1079,의정부,1079340006,1079340008,경기도 의정부시 호국로 1305,,204374.707,471549.74
386,1079340008,동오,1079,의정부,1079340007,1079340009,경기도 의정부시 장곡로 471,,205022.855,471725.94
387,1079340009,새말,1079,의정부,1079340008,1079340010,경기도 의정부시 장곡로 551,,205618.698,472125.991
388,1079340010,경기도청북부청사,1079,의정부,1079340009,1079340011,경기도 의정부시 장곡로 615,,206306.806,472338.084
389,1079340011,효자,1079,의정부,1079340010,1079340012,경기도 의정부시 부용로 159-40,,206804.49,472695.987
390,1079340012,곤제,1079,의정부,1079340011,1079340013,경기도 의정부시 천보로 173,,207389.515,472310.481
391,1079340015,탑석,1079,의정부,1079340014,1079340015,경기도 의정부시 충의로 20,,207836.545,470419.127
392,1063075138,지평,1063,경의중앙선,1063075137,1063075138,,,255497.3,442086.6
393,1080350001,기흥,1080,에버라인,1080350001,1080350002,경기도 용인시 기흥구 중부대로 468,,210354.2,419596.943
394,1080350002,강남대,1080,에버라인,1080350001,1080350003,경기도 용인시 기흥구 중부대로 578,,211174.781,419014.334
395,1080350003,지석,1080,에버라인,1080350002,1080350004,경기도 용인시 기흥구 어정로 28,,212120.495,418959.373
396,1080350004,어정,1080,에버라인,1080350003,1080350005,경기도 용인시 기흥구 어정로 128,,212744.818,419539.674
397,1080350005,동백,1080,에버라인,1080350004,1080350006,경기도 용인시 기흥구 동백죽전대로 314,,213540.83,418895.743
398,1080350006,초당,1080,에버라인,1080350005,1080350007,경기도 용인시 기흥구 동백죽전대로 204,,214144.336,417976.044
399,1080350007,삼가,1080,에버라인,1080350006,1080350008,경기도 용인시 처인구 중부대로 1098,,214919.266,415897.251
400,1080350008,시청·용인대,1080,에버라인,1080350007,1080350009,경기도 용인시 처인구 중부대로 1199-1,,215866.42,415604.213
401,1080350009,명지대,1080,에버라인,1080350008,1080350010,경기도 용인시 처인구 금학로 241,,216874.777,415454.518
402,1080350010,김량장,1080,에버라인,1080350009,1080350011,경기도 용인시 처인구 금학로 315,,217619.567,415370.238
403,1080350011,운동장·송담대,1080,에버라인,1080350010,1080350012,경기도 용인시 처인구 금학로 409,,218545.138,415439.53
404,1080350012,고진,1080,에버라인,1080350011,1080350013,경기도 용인시 처인구 경안천로 141,,219000.313,416192.17
405,1080350013,보평,1080,에버라인,1080350012,1080350014,경기도 용인시 처인구 경안천로 313,,219375.916,417783.199
406,1080350014,둔전,1080,에버라인,1080350013,1080350015,경기도 용인시 처인구 포곡읍 포곡로 70,,218948.454,418693.835
407,1080350015,전대·에버랜드,1080,에버라인,1080350014,1078330001,경기도 용인시 처인구 포곡읍 에버랜드로 143,,219460.939,420716.673
408,1078330001,검단오류,1078,인천2호선,1080350015,1078330002,인천광역시 서구 오류동 450-4,,167264.207,455074.812
409,1078330002,왕길,1078,인천2호선,1078330001,1078330003,인천광역시 서구 왕길동 474-8번지,,168454.057,455134.006
410,1078330004,마전,1078,인천2호선,1078330003,1078330005,인천시 서구 마전동 999-25,,170629.773,455383.98
411,1078330005,완정,1078,인천2호선,1078330004,1078330006,인천시 서구 당하동 1077-10,,171127.706,454848.037
412,1078330006,독정,1078,인천2호선,1078330005,1078330007,인천시 서구 백석동 74-1,,171393.679,453976.131
413,1078330007,검암,1078,인천2호선,1078330006,1078330008,인천시 서구 검암동 370-25,,171369.676,452156.324
414,1078330008,검바위,1078,인천2호선,1078330007,1078330009,인천광역시 서구 검암동 72-15,,171515.658,451368.409
415,1078330009,아시아드경기장,1078,인천2호선,1078330008,1078330010,인천광역시 서구 연희동 94-6,,171475.666,450324.521
416,1078330010,서구청,1078,인천2호선,1078330009,1078330011,인천광역시 서구 심곡동 7-4,,171443.665,449422.617
417,1078330011,가정,1078,인천2호선,1078330010,1078330012,인천광역시 서구 가정동 116-5,,171315.683,447336.841
418,1078330013,석남,1078,인천2호선,1078330012,1078330014,인천시 서구 석남동 629,,171385.677,445395.048
419,1078330014,서부여성회관,1078,인천2호선,1078330013,1078330015,인천광역시 서구 석남동 629,,171343.682,444609.132
420,1078330015,인천가좌,1078,인천2호선,1078330014,1078330016,인천광역시 서구 가좌동 110,,171281.685,443417.26
421,1008000810,암사,1008,8호선,1008000810,1008000811,서울특별시 강동구 암사동,501,211269.2,450082.7
422,1008000811,천호,1008,8호선,1008000810,1008000812,서울특별시 강동구 천호2동,455,210891.7427,448759.6173
423,1009000901,개화,1009,9호선,1009000901,1009000902,서울특별시 강서구 개화동,493-3,182110.8287,453253.4627
424,1009000902,김포공항,1009,9호선,1009000901,1009000903,서울특별시 강서구 방화동,744,182530.5,451399.1
425,1009000903,공항시장,1009,9호선,1009000902,1009000904,서울특별시 강서구 공항동,22-50,183251.399,451590.5744
426,1009000904,신방화,1009,9호선,1009000903,1009000905,서울특별시 강서구 방화동,17-156,183819.2878,452029.7398
427,1009000905,마곡나루,1009,9호선,1009000904,1009000906,서울 강서구 마곡동,370-3,184829.7,452016.9
428,1009000906,양천향교,1009,9호선,1009000905,1009000907,서울특별시 강서구 가양동,150-34,186047.1364,452077.6421
429,1009000907,가양,1009,9호선,1009000906,1009000908,서울특별시 강서구 가양동,14-84,187146.9193,451345.0233
430,1009000908,증미,1009,9호선,1009000907,1009000909,서울특별시 강서구 등촌동,630-2,187704.6,450955.5
431,1009000909,등촌,1009,9호선,1009000908,1009000910,서울특별시 강서구 등촌동,648-9,188110.5228,450152.6309
432,1009000910,염창,1009,9호선,1009000909,1009000911,서울특별시 강서구 염창동,282-22,188939.9567,449738.726
433,1009000911,신목동,1009,9호선,1009000910,1009000912,서울특별시 양천구 목동,940-12,189661.7991,449444.2834
434,1009000912,선유도,1009,9호선,1009000911,1009000913,서울특별시 영등포구 양평동,61-2,190623.8,448712.2
435,1009000913,당산,1009,9호선,1009000912,1009000914,서울특별시 영등포구 당산동,5가 323-1,191369.4771,448254.7236
436,1009000914,국회의사당,1009,9호선,1009000913,1009000915,서울특별시 영등포구 여의도동,17-1,192733.1512,447646.1993
437,1009000915,여의도,1009,9호선,1009000914,1009000916,서울특별시 영등포구 여의도동,3,193301.6251,446923.1247
438,1009000916,샛강,1009,9호선,1009000915,1009000917,서울특별시 영등포구 여의도동,56,193713.1583,446383.0676
439,1009000917,노량진,1009,9호선,1009000916,1009000918,서울특별시 동작구 노량진동,44-1,194772.1457,446018.7968
440,1009000918,노들,1009,9호선,1009000917,1009000919,서울특별시 동작구 본동,148,195840.4,445934.0
441,1009000919,흑석,1009,9호선,1009000918,1009000920,서울특별시 동작구 흑석동,115-1,196775.2485,445528.6594
442,1009000920,동작,1009,9호선,1009000919,1009000921,서울특별시 동작구 동작동,121-5,198059.3,444834.0
443,1009000921,구반포,1009,9호선,1009000920,1009000922,서울특별시 서초구 반포본동,1053,198885.2251,444674.9911
444,1009000922,신반포,1009,9호선,1009000921,1009000923,서울특별시 서초구 반포동,14-1,199647.924,444903.5731
445,1009000923,고속터미널,1009,9호선,1009000922,1009000924,서울특별시 서초구 반포1동,162,200368.7788,445175.6159
446,1009000924,사평,1009,9호선,1009000923,1009000925,서울특별시 서초구 반포동,30,201274.2,445008.8
447,1009000925,신논현,1009,9호선,1009000924,1009000926,서울특별시 강남구 논현동,800,202223.4024,445028.2017
448,1007000721,면목,1007,7호선,1007000720,1007000722,서울특별시 중랑구 면목동,120,207740.5096,454330.312
449,1007000722,사가정,1007,7호선,1007000721,1007000723,서울특별시 중랑구 면목3동,496,207819.7137,453478.7677
450,1007000723,용마산,1007,7호선,1007000722,1007000724,서울특별시 중랑구 면목4동,산76-1,207609.8895,452637.4822
451,1007000724,중곡,1007,7호선,1007000723,1007000725,서울특별시 광진구 중곡동,167,207417.6379,451760.7299
452,1001000142,구일,1001,1호선,1001000141,1001000143,서울특별시 구로구 구로1동,642-7,188465.307,444087.589
453,1001000143,개봉,1001,1호선,1001000142,1001000144,서울특별시 구로구 개봉본동,415,187535.7597,443894.2173
454,1001000144,오류동,1001,1호선,1001000143,1001000145,서울특별시 구로구 오류1동,66,186169.0577,443861.9184
455,1001000145,온수,1001,1호선,1001000144,1001000146,서울특별시 구로구 온수동,51-7,184198.4397,443562.858
456,1001000146,역곡,1001,1호선,1001000145,1001000147,경기도 부천시 원미구 역곡동,230,183358.0641,442898.0156
457,1001000147,소사,1001,1호선,1001000146,1001000148,경기도 부천시 소사구 소사본2동,51,181876.703,442620.6471
458,1001000148,부천,1001,1호선,1001000147,1001000149,경기도 부천시 소사구 심곡본동,316-2,180776.6119,442767.4115
459,1001000149,중동,1001,1호선,1001000148,1001000150,경기도 부천시 소사구 송내동,632,179132.0333,443072.9862
460,1001000150,송내,1001,1호선,1001000149,1001000151,경기도 부천시 소사구 송내동,632-4,178132.9732,443176.4512
461,1001000151,부개,1001,1호선,1001000150,1001000152,인천광역시 부평구 부개동,468,177054.5371,443271.5136
462,1001000152,부평,1001,1호선,1001000151,1001000153,인천광역시 부평구 부평동,534-1,175651.0643,443391.211
463,1001000153,백운,1001,1호선,1001000152,1001000154,인천광역시 부평구 심정동,539,174104.2081,442699.5577
464,1001000154,동암,1001,1호선,1001000153,1001000155,인천광역시 부평구 십정2동,474-1,173718.2549,441353.0443
465,1001000155,간석,1001,1호선,1001000154,1001000156,인천광역시 남동구 간석4동,,172878.6739,440640.7302
466,1001000156,주안,1001,1호선,1001000155,1001000157,인천광역시 남구 주안동,125,171738.9597,440677.3749
467,1001000157,도화,1001,1호선,1001000156,1001000158,인천광역시 남구 도화1동,,170659.1722,440806.4615
468,1001000158,제물포,1001,1호선,1001000157,1001000159,인천광역시 남구 도화1동,649-9,169635.4722,440890.7954
469,1001000159,도원,1001,1호선,1001000158,1001000160,인천광역시 동구 금창동,179-1,168365.6346,441110.9071
470,1001000160,동인천,1001,1호선,1001000159,1001000161,인천광역시 중구 인현동,1-1,167500.9877,441841.7667
471,1001000161,인천,1001,1호선,1001000160,1001000161,인천광역시 중구 북성동1가,3,166092.3024,441939.1814
472,1001075410,광명,1001,1호선,1001080141,1001075410,경기도 광명시 일직동,267-2,189879.5,435331.3
473,1001080142,가산디지털단지,1001,1호선,1001000141,1001080143,서울특별시 금천구 가산동,464-4,189599.6688,442423.9709
474,1001000101,동두천,1001,1호선,1001000100,1001000102,경기도 동두천시 동두천동,245-3,204824.737,492006.4241
475,1001000102,보산,1001,1호선,1001000101,1001000103,경기도 동두천시 보산동,422,205021.9647,490533.9431
476,1001000103,동두천중앙,1001,1호선,1001000102,1001000104,경기도 동두천시 생연2동,688,204967.7474,489106.9743
477,1001000104,지행,1001,1호선,1001000103,1001000105,경기도 동두천시 지행동,,204914.1407,488082.7877
478,1001000105,덕정,1001,1호선,1001000104,1001000106,경기도 양주시 덕정동,,205446.067,482653.5202
479,1001000106,덕계,1001,1호선,1001000105,1001000107,경기도 양주시 덕계동,267-1,204942.8611,479879.9865
480,1001000107,양주,1001,1호선,1001000106,1001000108,경기도 양주시 남방동,1,203948.0054,474893.6035
481,1001000108,녹양,1001,1호선,1001000107,1001000109,경기도 의정부시 녹양동,97-3,203724.6713,473310.9602
482,1001000109,가능,1001,1호선,1001000108,1001000110,경기도 의정부시 의정부1동,205-23,203919.8,472062.8
483,1001000110,의정부,1001,1호선,1001000109,1001000111,경기도 의정부시 의정부2동,168,204060.3038,471031.184
484,1001000111,회룡,1001,1호선,1001000110,1001000112,경기도 의정부시 호원동,,204175.3823,469420.451
485,1007000730,강남구청,1007,7호선,1007000729,1007000731,서울특별시 강남구 삼성2동,1,203651.0059,446422.6502
486,1007000731,학동,1007,7호선,1007000730,1007000732,서울특별시 강남구 논현동,208,202799.6683,446092.223
487,1007000732,논현,1007,7호선,1007000731,1007000733,서울특별시 강남구 논현1동,280,201891.4458,445746.1525
488,1007000733,반포,1007,7호선,1007000732,1007000734,서울특별시 서초구 잠원동,103,201103.4238,445447.6585
489,1007000734,고속터미널,1007,7호선,1007000733,1007000735,서울특별시 서초구 반포1동,162,200413.3,444868.3
490,1007000735,내방,1007,7호선,1007000734,1007000736,서울특별시 서초구 방배동,874,199381.0367,443129.7746
491,1078330017,주안국가산단,1078,인천2호선,1078330016,1078330018,인천광역시 서구 가좌동 606-11,,171831.62,441711.442
492,1078330018,주안,1078,인천2호선,1078330017,1078330019,인천광역시 남구 주안동 125,,171607.644,440687.552
493,1004000412,창동,1004,4호선,1004000411,1004000413,서울특별시 도봉구 창5동,135,204203.2433,461513.1429
494,1004000413,쌍문,1004,4호선,1004000412,1004000414,서울특별시 성북구 상월곡동,26-1,203049.4558,460988.6541
495,1004000414,수유,1004,4호선,1004000413,1004000415,서울특별시 강북구 수유3동,140,202239.7877,459806.8696
496,1004000415,미아,1004,4호선,1004000414,1004000416,서울특별시 강북구 미아3동,197-14,202305.3376,458556.5439
497,1007000710,도봉산,1007,7호선,1007000709,1007000711,서울특별시 도봉구 도봉동,363,204102.3169,465539.6107
498,1007000711,수락산,1007,7호선,1007000710,1007000712,서울특별시 노원구 상계1동,1132-9,204886.8888,464234.981
499,1007000712,마들,1007,7호선,1007000711,1007000713,서울특별시 노원구 상계동,647,205091.6723,462841.009
500,1007000713,노원,1007,7호선,1007000712,1007000714,서울특별시 노원구 상계2동,335,205342.2963,461689.8314
501,1007000714,중계,1007,7호선,1007000713,1007000715,서울특별시 노원구 중계3동,512,205672.2113,460601.4495
502,1007000715,하계,1007,7호선,1007000714,1007000716,서울특별시 노원구 하계 1동,280,206003.1757,459666.4785
503,1007000716,공릉,1007,7호선,1007000715,1007000717,서울특별시 노원구 공릉1동,395,206446.9779,458447.2796
504,1007000717,태릉입구,1007,7호선,1007000716,1007000718,서울특별시 노원구 공릉동,680,206655.2737,457674.9683
505,1007000718,먹골,1007,7호선,1007000717,1007000719,서울특별시 중랑구 묵동,175-4,206862.6277,456839.0377
506,1007000719,중화,1007,7호선,1007000718,1007000720,서울특별시 중랑구 중화동,285,207008.7502,455898.4459
507,1007000720,상봉,1007,7호선,1007000719,1007000721,서울특별시 중랑구 상봉동,115,207578.7718,455121.4287
508,1007000736,총신대입구(이수),1007,7호선,1007000735,1007000737,서울특별시 동작구 사당동,144-4,198319.0192,442850.4481
509,1001080143,독산,1001,1호선,1001080142,1001080144,서울특별시 금천구 가산동,717,190182.2967,440773.3833
510,1004000416,미아사거리,1004,4호선,1004000415,1004000417,서울특별시 강북구 미아4동,71-5,202664.8765,457092.6278
511,1004000417,길음,1004,4호선,1004000416,1004000418,서울특별시 성북구 길음1동,877-66,202213.0,455988.1
512,1004000418,성신여대입구,1004,4호선,1004000417,1004000419,서울특별시 성북구 동선동 4가,1,201476.1615,454799.5304
513,1004000419,한성대입구,1004,4호선,1004000418,1004000420,서울특별시 성북구 삼선동1가,14,200539.7,454323.2
514,1004000420,혜화,1004,4호선,1004000419,1004000421,서울특별시 종로구 명륜동,4가 1,200165.4,453652.4
515,1004000421,동대문,1004,4호선,1004000420,1004000422,서울특별시 종로구 종로6가,69,200820.7558,452387.5452
516,1004000422,동대문역사문화공원,1004,4호선,1004000421,1004000423,서울특별시 중구 광희동,1가 194,200677.9,451717.1
517,1004000423,충무로,1004,4호선,1004000422,1004000424,서울특별시 중구 충무로4가,125,199402.5,451281.8
518,1004000424,명동,1004,4호선,1004000423,1004000425,서울특별시 중구 충무로1가,64,198759.348,451277.6549
519,1004000425,회현,1004,4호선,1004000424,1004000426,서울특별시 중구 남창동,46,198079.3911,451014.6243
520,1004000426,서울,1004,4호선,1004000425,1004000427,서울특별시 용산구 동자동,14,197595.6,450477.5
521,1004000427,숙대입구,1004,4호선,1004000426,1004000428,서울특별시 용산구 갈월동,101,197527.6252,449450.0514
522,1004000428,삼각지,1004,4호선,1004000427,1004000429,서울특별시 용산구 한강로1가,293,197563.1489,448296.6491
523,1004000429,신용산,1004,4호선,1004000428,1004000430,서울특별시 용산구 한강로2가,181,197138.5259,447751.2327
524,1004000430,이촌,1004,4호선,1004000429,1004000431,서울특별시 용산구 용산동5가,17,197731.5412,446990.238
525,1004000431,동작,1004,4호선,1004000430,1004000432,서울특별시 동작구 동작동,121-5,198259.4534,444843.3215
526,1004000432,총신대입구(이수),1004,4호선,1004000431,1004000433,서울특별시 동작구 사당2동,9-31,198424.7826,443134.9313
527,1004000433,사당,1004,4호선,1004000432,1004000434,서울특별시 동작구 사당1동,1112,198376.0325,441886.7577
528,1004000434,남태령,1004,4호선,1004000433,1004000435,서울특별시 서초구 방배2동,2909,198842.834,440909.443
529,1004000435,선바위,1004,4호선,1004000434,1004000436,경기도 과천시 과천동,351-7,200204.7383,439133.3014
530,1004000436,경마공원,1004,4호선,1004000435,1004000437,경기도 과천시 과천동,646,200696.0222,438242.8745
531,1004000437,대공원,1004,4호선,1004000436,1004000438,경기도 과천시 과천동,727-1,200584.5098,437386.5359
532,1004000438,과천,1004,4호선,1004000437,1004000439,경기도 과천시 별양동,2,199639.59,437044.2519
533,1004000439,정부과천청사,1004,4호선,1004000438,1004000440,경기도 과천시 별양동,1,199101.4085,436320.6161
534,1004000440,인덕원,1004,4호선,1004000439,1004000441,경기도 안양시 동안구 관양2동,1566,197938.3087,433586.7115
535,1004000441,평촌,1004,4호선,1004000440,1004000442,경기도 안양시 동안구 부림동,1608,196790.1051,432779.72
536,1004000442,범계,1004,4호선,1004000441,1004000443,경기도 안앙시 동안구 호계동,1039-2,195638.1017,432287.1196
537,1004000443,금정,1004,4호선,1004000442,1004000444,경기도 군포시 금정동,87-1,194995.5577,430337.8196
538,1004000444,산본,1004,4호선,1004000443,1004000445,경기도 군포시 산본동,1231,194080.7597,428768.3997
539,1004000445,수리산,1004,4호선,1004000444,1004000446,경기도 군포시 산본동,1231-1,193403.8034,427877.8647
540,1004000446,대야미,1004,4호선,1004000445,1004000447,경기도 안산시 상록구 대야미동,233-4,192658.6913,425467.7993
541,1005000532,서대문,1005,5호선,1005000531,1005000533,서울특별시 종로구 평동,90,197057.9,451810.1
542,1005000533,광화문,1005,5호선,1005000532,1005000534,서울특별시 종로구 도렴동,83,197961.9,452458.7
543,1005000534,종로3가,1005,5호선,1005000533,1005000535,서울특별시 종로구 돈의동,46,199127.4283,452568.6269
544,1005000535,을지로4가,1005,5호선,1005000534,1005000536,서울특별시 중구 을지로4가,261,199829.9825,452013.129
545,1005000536,동대문역사문화공원,1005,5호선,1005000535,1005000537,서울특별시 중구 광희동,1가 194,200520.6,451677.1
546,1005000537,청구,1005,5호선,1005000536,1005000538,서울특별시 중구 신당2동,294,201248.4,451173.7
547,1005000538,신금호,1005,5호선,1005000537,1005000539,서울특별시 성동구 금호2가동,223-1,201794.1008,450562.4276
548,1005000539,행당,1005,5호선,1005000538,1005000540,서울특별시 성동구 행당2동,317-241,202638.2,450896.0
549,1005000540,왕십리,1005,5호선,1005000539,1005000541,서울특별시 성동구 행당동,192,203300.5,451365.7
550,1005000541,마장,1005,5호선,1005000540,1005000542,서울특별시 성동구 용답동,99,203816.2526,451875.5334
551,1005000542,답십리,1005,5호선,1005000541,1005000543,서울특별시 성동구 용답동,128,204700.4164,451893.122
552,1005000543,장한평,1005,5호선,1005000542,1005000544,서울특별시 동대문구 장안동,416,205713.5,451328.5
553,1005000544,군자,1005,5호선,1005000543,1005000545,서울특별시 광진구 능동,277,207004.1364,450863.7216
554,1005000545,아차산,1005,5호선,1005000544,1005000546,서울특별시 광진구 능동,256,207913.3,450293.4
555,1005000546,광나루,1005,5호선,1005000545,1005000547,서울특별시 광진구 광장동,237,209199.4,449521.2
556,1005000547,천호,1005,5호선,1005000546,1005000548,서울특별시 강동구 천호2동,455,210936.2081,448791.1781
557,1005000548,강동,1005,5호선,1005000547,1005000549,서울특별시 강동구 천호3동,447,211731.6865,448495.1309
558,1005000549,길동,1005,5호선,1005000548,1005000550,서울특별시 강동구 길동,378,212385.2472,448757.6226
559,1005000550,굽은다리,1005,5호선,1005000549,1005000551,서울특별시 강동구 명일1동,345-12,212613.9513,449534.4588
560,1005000551,명일,1005,5호선,1005000550,1005000552,서울특별시 강동구 명일동,312,212733.8265,450288.3597
561,1005000552,고덕,1005,5호선,1005000551,1005000553,서울특별시 강동구 고덕동,310,213634.9,450629.5
562,1005000553,상일동,1005,5호선,1005000552,1005000553,서울특별시 강동구 상일동,148,214659.1,450806.1
563,1005080549,둔촌동,1005,5호선,1005000548,1005080550,서울특별시 강동구 둔촌동,416,212047.6,447611.3
564,1005080550,올림픽공원,1005,5호선,1005080549,1005080551,서울특별시 송파구 방이동,89,211619.6874,446415.4267
565,1005080551,방이,1005,5호선,1005080550,1005080552,서울특별시 송파구 방이1동,217-2,211136.6786,445471.0817
566,1005080552,오금,1005,5호선,1005080551,1005080553,서울특별시 송파구 오금동,44-2,211280.9442,444776.2328
567,1005080553,개롱,1005,5호선,1005080552,1005080554,서울특별시 송파구 오금동,165-1,211958.112,444280.6135
568,1005080554,거여,1005,5호선,1005080553,1005080555,서울특별시 송파구 거여1동,20-14,212615.9037,443843.4224
569,1005080555,마천,1005,5호선,1005080554,1005080555,서울특별시 송파구 마천1동,183-94,213529.6458,443953.4132
570,1006000610,응암,1006,6호선,1006000610,1006000611,서울특별시 은평구 역촌2동,85-41,192556.1,455496.2
571,1006000611,역촌,1006,6호선,1006000610,1006000612,서울특별시 은평구 녹번동,144-69,193187.3459,456284.8394
572,1006000612,불광,1006,6호선,1006000611,1006000613,서울특별시 은평구 불광1동,281,193767.572,456814.6284
573,1006000613,독바위,1006,6호선,1006000612,1006000614,서울특별시 은평구 불광1동,13-33,194038.7921,457703.4284
574,1006000614,연신내,1006,6호선,1006000613,1006000615,서울특별시 은평구 갈현동,439,192961.0,457653.1
575,1006000615,구산,1006,6호선,1006000614,1006000610,서울특별시 은평구 구산동,1,192693.6122,456890.2175
576,1006000616,새절,1006,6호선,1006000610,1006000617,서울특별시 은평구 신사2동,337-5,192382.9637,454641.9403
577,1006000617,증산,1006,6호선,1006000616,1006000618,서울특별시 은평구 증산동,199-8,192030.2118,453837.5194
578,1006000618,디지털미디어시티,1006,6호선,1006000617,1006000619,서울특별시 은평구 증산동,223-27,191305.1,452995.6
579,1006000619,월드컵경기장,1006,6호선,1006000618,1006000620,서울특별시 마포구 성산2동,420,191072.1436,452342.5215
580,1006000620,마포구청,1006,6호선,1006000619,1006000621,서울특별시 마포구 성산2동,592,191463.019,451558.4851
581,1006000621,망원,1006,6호선,1006000620,1006000622,서울특별시 마포구 망원동,378,192074.5292,450711.9368
582,1006000622,합정,1006,6호선,1006000621,1006000623,서울특별시 마포구 서교동,393,192388.19,450005.5979
583,1006000623,상수,1006,6호선,1006000622,1006000624,서울특별시 성동구 성수2가,300-1,193139.9096,449821.2223
584,1006000624,광흥창,1006,6호선,1006000623,1006000625,서울특별시 마포구 창전동,145,193933.0724,449793.5507
585,1006000625,대흥,1006,6호선,1006000624,1006000626,서울특별시 마포구 대흥동,267,194941.9315,449799.8754
586,1006000626,공덕,1006,6호선,1006000625,1006000627,서울 마포구 공덕동,423,195731.6,449346.5
587,1006000627,효창공원앞,1006,6호선,1006000626,1006000628,서울특별시 용산구 효창동,70,196596.239,448888.7512
588,1006000628,삼각지,1006,6호선,1006000627,1006000629,서울특별시 용산구 한강로1가,293,197722.1352,448468.3929
589,1006000629,녹사평,1006,6호선,1006000628,1006000630,서울특별시 용산구 용산동4가,4,198927.4508,448360.2268
590,1006000630,이태원,1006,6호선,1006000629,1006000631,서울특별시 용산구 이태원동,127,199524.8777,448347.8874
591,1006000631,한강진,1006,6호선,1006000630,1006000632,서울특별시 서초구 방배2동,2509,200157.1992,448906.7296
592,1006000632,버티고개,1006,6호선,1006000631,1006000633,서울특별시 중구 신당동,432,200603.0,449816.9
593,1006000633,약수,1006,6호선,1006000632,1006000634,서울특별시 중구 신당3동,373-13,200876.6,450450.8
594,1006000634,청구,1006,6호선,1006000633,1006000635,서울특별시 중구 신당2동,294,201241.8,451239.7
595,1006000635,신당,1006,6호선,1006000634,1006000636,서울특별시 중구 흥인동,162-1,201428.4602,451872.6411
596,1006000636,동묘앞,1006,6호선,1006000635,1006000637,서울특별시 종로구 숭인동,313,201385.3224,452526.9109
597,1006000637,창신,1006,6호선,1006000636,1006000638,서울특별시 종로구 창신동,20,201345.3008,453399.0765
598,1006000638,보문,1006,6호선,1006000637,1006000639,서울특별시 성북구 보문동1가,127-1,201713.7653,453988.1339
599,1006000639,안암,1006,6호선,1006000638,1006000640,서울특별시 성북구 안암동5가,146,202580.6209,454093.9289
600,1006000640,고려대,1006,6호선,1006000639,1006000641,서울특별시 성북구 안암동5가,1-2,203204.8537,454576.1782
601,1006000641,월곡,1006,6호선,1006000640,1006000642,서울특별시 성북구 하월곡동,35-1,203638.8094,455775.069
602,1006000642,상월곡,1006,6호선,1006000641,1006000643,서울특별시 성북구 석관동,349-8,204269.3398,456313.0005
603,1006000643,돌곶이,1006,6호선,1006000642,1006000644,서울특별시 성북구 석관동,349-8,204983.1672,456788.5459
604,1006000644,석계,1006,6호선,1006000643,1006000645,서울특별시 노원구 월계동,25-4,205824.4522,457250.0522
605,1006000645,태릉입구,1006,6호선,1006000644,1006000646,서울특별시 노원구 공릉동,680,206571.307,457531.7604
606,1002000234,신도림,1002,2호선,1002000233,1002000235,서울특별시 구로구 신도림동,460-26,190355.6299,445495.6076
607,1002000235,문래,1002,2호선,1002000234,1002000236,서울특별시 영등포구 문래동3가,54,190700.1495,446511.9983
608,1002000236,영등포구청,1002,2호선,1002000235,1002000237,서울특별시 영등포구 당산동3가,385,190864.2321,447375.8806
609,1002000237,당산,1002,2호선,1002000236,1002000238,서울특별시 영등포구 당산동,5가 323-1,191395.5108,448401.7334
610,1002000238,합정,1002,2호선,1002000237,1002000239,서울특별시 마포구 서교동,393,192464.4551,450088.9267
611,1002000239,홍대입구,1002,2호선,1002000238,1002000240,서울특별시 마포구 동교동,165,193256.5814,450833.9092
612,1002000240,신촌,1002,2호선,1002000239,1002000241,서울특별시 마포구 노고산동,31-11,194421.7,450639.3
613,1002000241,이대,1002,2호선,1002000240,1002000242,서울특별시 마포구 대흥동,2,195220.4,450806.3
614,1002000242,아현,1002,2호선,1002000241,1002000243,서울특별시 마포구 아현2동,329,196130.3,450877.3
615,1002000243,충정로,1002,2호선,1002000242,1002000201,서울특별시 서대문구 충정로,3가 295-60,196862.7786,451159.0734
616,1002002111,용답,1002,2호선,1002000211,1002002112,서울특별시 성동구 용답동,127,204483.9021,451399.882
617,1002002112,신답,1002,2호선,1002002111,1002002113,서울특별시 도봉구 창1동,659-12,204134.7682,452282.7078
618,1002002113,용두,1002,2호선,1002002112,1002002114,서울특별시 동대문구 용두동,47-1,203358.6701,452723.9583
619,1002002114,신설동,1002,2호선,1002002113,1002002114,서울특별시 동대문구 신설동,97-75,202204.6318,452812.3126
620,1002002341,도림천,1002,2호선,1002000234,1002002342,서울특별시 구로구 신도림동,271-62,189654.9543,446104.9157
621,1002002342,양천구청,1002,2호선,1002002341,1002002343,서울특별시 양천구 신정7동,165-1,188137.1,445920.8
622,1002002343,신정네거리,1002,2호선,1002002342,1002002344,서울특별시 양천구 신정3동,1231,187002.7,446733.1
623,1002002344,까치산,1002,2호선,1002002343,1002002344,서울특별시 강서구 화곡1동,343,186479.9608,447995.0209
624,1003000310,대화,1003,3호선,1003000310,1003000311,경기도 고양시 일산서구 대화동,2221,177727.6003,464095.7432
625,1003000311,주엽,1003,3호선,1003000310,1003000312,경기도 고양시 일산구 주엽동,166,178939.5663,463428.1236
626,1003000312,정발산,1003,3호선,1003000311,1003000313,경기도 고양시 일산서구 주엽동,,179832.5881,462536.6226
627,1003000313,마두,1003,3호선,1003000312,1003000314,경기도 고양시 일산동구 마두동,765-1,180352.0254,461483.5306
628,1003000314,백석,1003,3호선,1003000313,1003000315,경기도 고양시 일산동구 백석동,629-1,181286.9741,460416.4677
629,1003000315,대곡,1003,3호선,1003000314,1003000316,경기도 고양시 덕양구 대장동,387-9,183213.8044,459188.9137
630,1003000316,화정,1003,3호선,1003000315,1003000317,경기도 고양시 덕양구 화정동,400-2,185236.5129,459473.0525
631,1003000317,원당,1003,3호선,1003000316,1003000309,경기도 고양시 성사1동,410-7,186134.165,461518.7706
632,1003000318,삼송,1003,3호선,1003000309,1003000319,경기도 고양시 덕양구 삼송동,20-14,190846.2139,461491.9021
633,1003000319,지축,1003,3호선,1003000318,1003000320,경기도 고양시 덕양구 지축동,695-8,192134.2786,461043.3022
634,1003000320,구파발,1003,3호선,1003000319,1003000321,서울특별시 은평구 진관동,533,192827.4343,459663.1573
635,1003000321,연신내,1003,3호선,1003000320,1003000322,서울특별시 은평구 갈현동,439,193039.9,457722.2
636,1003000322,불광,1003,3호선,1003000321,1003000323,서울특별시 은평구 불광1동,281,193846.9905,456704.054
637,1002000201,시청,1002,2호선,1002000243,1002000202,서울특별시 중구 서소문동,27,197826.7462,451573.9864
638,1002000202,을지로입구,1002,2호선,1002000201,1002000203,서울특별시 중구 을지로1가,89-1,198475.3,451833.1
639,1002000203,을지로3가,1002,2호선,1002000202,1002000204,서울특별시 중구 을지로3가,70-1,199176.7,451859.5
640,1002000204,을지로4가,1002,2호선,1002000203,1002000205,서울특별시 중구 을지로4가,261,199810.9298,451913.1812
641,1002000205,동대문역사문화공원,1002,2호선,1002000204,1002000206,서울특별시 중구 광희동,1가 194,200808.3968,451796.889
642,1002000206,신당,1002,2호선,1002000205,1002000207,서울특별시 중구 신당5동,106-1,201727.643,451803.4843
643,1002000207,상왕십리,1002,2호선,1002000206,1002000208,서울특별시 성동구 하왕십리2동,946-14,202564.8701,451668.8343
644,1002000208,왕십리,1002,2호선,1002000207,1002000209,서울특별시 성동구 행당동,246,203327.6,451299.7
645,1002000209,한양대,1002,2호선,1002000208,1002000210,서울특별시 성동구 행당동,산17,203853.209,450687.6309
646,1002000210,뚝섬,1002,2호선,1002000209,1002000211,서울특별시 성동구 성수1가,656-745,204187.0616,449755.4123
647,1002000211,성수,1002,2호선,1002000210,1002000212,서울특별시 성동구 성수2가,300-1,204958.3876,449458.0092
648,1002000212,건대입구,1002,2호선,1002000211,1002000213,서울특별시 광진구 화양동,7-3,206115.6003,449000.3883
649,1002000213,구의,1002,2호선,1002000212,1002000214,서울특별시 광진구 구의동,245-24,207615.1065,448637.3175
650,1002000214,강변,1002,2호선,1002000213,1002000215,서울특별시 광진구 구의3동,546-6,208376.8711,448398.9849
651,1002000215,잠실나루,1002,2호선,1002000214,1002000216,서울특별시 송파구 신천동,1,209180.9422,446793.2702
652,1002000216,잠실,1002,2호선,1002000215,1002000217,서울특별시 송파구 잠실5동,27,208857.9,445972.9
653,1002000217,잠실새내,1002,2호선,1002000216,1002000218,서울특별시 송파구 잠실본동,5,207665.2627,445799.9693
654,1002000218,종합운동장,1002,2호선,1002000217,1002000219,서울특별시 송파구 잠실1동,1-236,206497.0442,445737.9007
655,1002000219,삼성,1002,2호선,1002000218,1002000220,서울특별시 강남구 삼성동,172-82,205577.1523,445501.402
656,1002000220,선릉,1002,2호선,1002000219,1002000221,서울특별시 강남구 삼성2동,143-42,204329.4182,445018.7002
657,1002000221,역삼,1002,2호선,1002000220,1002000222,서울특별시 강남구 역삼1동,737,203218.1913,444591.3287
658,1002000222,강남,1002,2호선,1002000221,1002000223,서울특별시 강남구 역삼동,821-1,202477.1229,444291.4383
659,1002000223,교대,1002,2호선,1002000222,1002000224,서울특별시 서초구 서초1동,1715-9,201215.478,443808.723
660,1002000224,서초,1002,2호선,1002000223,1002000225,서울특별시 서초구 서초3동,1500,200648.1842,443592.1914
661,1002000225,방배,1002,2호선,1002000224,1002000226,서울특별시 서초구 방배동,225,199770.6579,442443.9216
662,1002000226,사당,1002,2호선,1002000225,1002000227,서울특별시 동작구 사당1동,1112,198357.1631,441910.926
663,1002000227,낙성대,1002,2호선,1002000226,1002000228,서울특별시 관악구 봉천6동,1693-38,196770.2264,441968.6097
664,1002000228,서울대입구,1002,2호선,1002000227,1002000229,서울특별시 관악구 봉천6동,979-1,195823.4681,442422.4767
665,1002000229,봉천,1002,2호선,1002000228,1002000230,서울특별시 관악구 봉천8동,930-45,194853.0498,442575.7773
666,1002000230,신림,1002,2호선,1002000229,1002000231,서울특별시 관악구 신림본동,1640-1,193755.4507,442763.6912
667,1002000231,신대방,1002,2호선,1002000230,1002000232,서울특별시 동작구 신대방1동,643-1,192332.1337,443126.6034
668,1002000232,구로디지털단지,1002,2호선,1002000231,1002000233,서울특별시 구로구 구로3동,124,191263.5333,442897.0272
669,1004000411,노원,1004,4호선,1004000410,1004000412,서울특별시 노원구 상계2동,335,205616.0,461867.6
670,1001000100,소요산,1001,1호선,1001000100,1001000101,경기도 동두천시 상봉암동,126,205362.3891,494245.6421
671,1001000133,서울,1001,1호선,1001000132,1001000134,서울특별시 용산구 동자동,14,197529.9154,450688.4645
672,1001000134,남영,1001,1호선,1001000133,1001000135,서울특별시 용산구 갈월동,96-1,197446.1013,449096.0135
673,1001000135,용산,1001,1호선,1001000134,1001000136,서울특별시 용산구 한강로3가,40-11,196873.8263,447778.8645
674,1001000136,노량진,1001,1호선,1001000135,1001000137,서울특별시 동작구 노량진동,44-1,194901.1999,446095.2778
675,1001000137,대방,1001,1호선,1001000136,1001000138,서울특별시 영등포구 신길7동,1336,193546.9639,445980.5974
676,1001000138,신길,1001,1호선,1001000137,1001000139,서울특별시 영등포구 신길동,42-2,192736.8,446374.7
677,1001000139,영등포,1001,1호선,1001000138,1001000140,서울 영등포구 영등포동1가,618,191864.2,446224.8
678,1001000140,신도림,1001,1호선,1001000139,1001000141,서울특별시 구로구 신도림동,460-26,190386.2564,445484.3833
679,1001000141,구로,1001,1호선,1001000140,1001000142,서울특별시 구로구 구로5동,585-5,189576.9,444833.4
680,1001000112,망월사,1001,1호선,1001000111,1001000113,경기도 의정부시 호원동,,204177.643,467878.959
681,1001000113,도봉산,1001,1호선,1001000112,1001000114,서울특별시 도봉구 도봉동,363,204063.4,465530.2
682,1001000114,도봉,1001,1호선,1001000113,1001000115,서울특별시 도봉구 도봉2동,89-159,204023.2996,464423.7866
683,1001000115,방학,1001,1호선,1001000114,1001000116,서울특별시 도봉구 방학1동,738,203914.2639,463097.6492
684,1001000116,창동,1001,1호선,1001000115,1001000117,서울특별시 도봉구 창5동,135-1,204205.6419,461501.1957
685,1001000117,녹천,1001,1호선,1001000116,1001000118,서울특별시 도봉구 창4동,38,204539.1898,460564.0275
686,1001000118,월계,1001,1호선,1001000117,1001000119,서울특별시 노원구 월계4동,261,205196.589,459347.5203
687,1001000119,광운대,1001,1호선,1001000118,1001000120,서울특별시 노원구 월계동,,205429.5924,458273.2841
688,1001000120,석계,1001,1호선,1001000119,1001000121,서울특별시 노원구 월계동,25-4,205811.9714,457227.1039
689,1001000121,신이문,1001,1호선,1001000120,1001000122,서울특별시 동대문구 이문동,,205952.9522,455844.7068
690,1001000122,외대앞,1001,1호선,1001000121,1001000123,서울특별시 동대문구 이문동,,205557.7918,455090.0702
691,1001000123,회기,1001,1호선,1001000122,1001000124,서울특별시 동대문구 휘경동,317-101,205138.1806,454500.4031
692,1001000124,청량리,1001,1호선,1001000123,1001000125,서울특별시 동대문구 전농2동,620-69,203979.7944,453425.9003
693,1001000125,제기동,1001,1호선,1001000124,1001000126,서울특별시 동대문구 제기동,지하51번지,203067.0282,453197.5914
694,1001000126,신설동,1001,1호선,1001000125,1001000127,서울특별시 동대문구 신설동,97-75,202172.4457,452966.9537
695,1001000127,동묘앞,1001,1호선,1001000126,1001000128,서울특별시 종로구 숭인동,313,201454.727,452648.6475
696,1001000128,동대문,1001,1호선,1001000127,1001000129,서울특별시 종로구 종로6가,69,200989.9144,452484.6092
697,1001000129,종로5가,1001,1호선,1001000128,1001000130,서울특별시 종로구 종로5가,124-8,200171.3944,452385.8684
698,1001000130,종로3가,1001,1호선,1001000129,1001000131,서울특별시 종로구 돈의동,46,199296.4693,452334.288
699,1001000131,종각,1001,1호선,1001000130,1001000132,서울특별시 종로구 종로1가,44,198520.9972,452310.4761
700,1001000132,시청,1001,1호선,1001000131,1001000133,서울특별시 중구 태평로1가,31,197966.061,451780.6673
701,1009000937,둔촌오륜,1009,9호선,1009000936,1009000938,,,212261.28518,446679.6874
702,1081370010,세종대왕릉,1081,경강선,1081370009,1081370011,,,250609.512,421747.575
703,1079340004,경전철의정부,1079,의정부,1079340003,1079340005,경기도 의정부시 신흥로 237,,203816.852,470843.493
704,1078330012,가정중앙시장,1078,인천2호선,1078330011,1078330013,인천광역시 서구 가정동 529,,171443.671,446496.931
705,1005000554,강일,1005,5호선,1005000553,1005000555,서울특별시 강동구 고덕로,,37.557471,127.173521
706,1005000555,미사,1005,5호선,1005000554,1005000556,경기도 하남시 미사강변동로,,37.557471,127.166955
707,1005000556,하남풍산,1005,5호선,1005000555,1005000557,경기도 하남시 미사강변동로,,37.598882,126.717212
708,1005000557,하남시청,1005,5호선,1005000556,1005000558,경기도 하남시 미사강변동로,,37.541057,127.175253
709,1005000558,하남검단산,1005,5호선,1005000557,1005000558,경기도 하남시 대청로 100,,37.521456,127.212258
710,1075075236,신갈,1075,수인분당선,1075075235,1075075237,경기 용인시 기흥구 신갈동,167,209854.2,420789.7
711,1075075237,기흥,1075,수인분당선,1075075236,1075075238,경기 용인시 기흥구 구갈동,227,210295.6,419603.4
712,1075075238,상갈,1075,수인분당선,1075075237,1075075239,경기도 용인시 기흥구 금화로 지하40,,209651.1,418077.7
713,1075075239,청명,1075,수인분당선,1075075238,1075075240,경기도 수원시 영통구 봉영로 지하1670,,207005.5,417819.7
714,1075075240,영통,1075,수인분당선,1075075239,1075075241,경기도 수원시 영통구 봉영로 지하1560,,206323.6,416925.8
715,1075075241,망포,1075,수인분당선,1075075240,1075075242,경기도 수원시 영통구 덕영대로 지하1520,,205041.8,416303.8
716,1075075242,매탄권선,1075,수인분당선,1075075241,1075075243,경기도 수원시 영통구 매탄동 687-4,687-4,203619.1,417046.3
717,1075075243,수원시청,1075,수인분당선,1075075242,1075075244,경기도 수원시 권선구 권선동 1122,1122,202734.4,418090.2
718,1075075244,매교,1075,수인분당선,1075075243,1075075245,경기도 수원시 팔달구 매교동 283,283,201407.5,418488.4
719,1075075245,수원,1075,수인분당선,1075075244,1075075246,경기도 수원시 팔달구 매산로1가 18,18,200019.5,418572.7
720,1075075246,고색,1075,수인분당선,1075075245,1075075247,경기도 수원시 권선구 매송고색로,,37.249668,126.9781
721,1075075247,오목천,1075,수인분당선,1075075246,1075075248,경기도 수원시 권선구 삼천병마로,,37.243486,126.961932
722,1075075248,어천,1075,수인분당선,1075075247,1075075249,경기도 화성시 매송면 화성로,,37.249736,126.908918
723,1075075249,야목,1075,수인분당선,1075075248,1075075250,경기도 화성시 매송면 본오매송로,,37.26216,126.884805
724,1075075250,사리,1075,수인분당선,1075075249,1075075251,경기도 안산시 상록구 충장로,,37.290437,126.854812
725,1075075251,한대앞,1075,수인분당선,1075075250,1075075252,경기도 안산시 상록구 이동,산17-3,187030.9895,423415.6977
726,1075075252,중앙,1075,수인분당선,1075075251,1075075253,경기도 안산시 단원구 고잔동,167-378,185684.224,424106.4023
727,1075075253,고잔,1075,수인분당선,1075075252,1075075254,경기도 안산시 단원구 고잔동,453-53,184311.2864,424198.9913
728,1075075254,초지,1075,수인분당선,1075075253,1075075255,경기도 안산시 단원구 초지동,27-1,182794.2233,424631.8537
729,1075075255,안산,1075,수인분당선,1075075254,1075075256,경기도 안산시 단원구 원곡동,377-1,181420.9113,425228.846
730,1075075256,신길온천,1075,수인분당선,1075075255,1075075257,경기도 안산시 단원구 신길동,216-2,179346.3065,426525.5526
731,1075075257,정왕,1075,수인분당선,1075075256,1075075258,경기도 시흥시 정왕동,,177229.3069,428094.4699
732,1075075258,오이도,1075,수인분당선,1075075257,1075075259,경기도 시흥시 정왕동,878,176890.2207,429328.4932
733,1075075259,달월,1075,수인분당선,1075075258,1075075260,경기 시흥시 월곶동 689,,177459.0,431225.6
734,1075075260,월곶,1075,수인분당선,1075075259,1075075261,경기도 시흥시 월곶중앙로14번길 56,,177219.7,432534.7
735,1075075261,소래포구,1075,수인분당선,1075075260,1075075262,인천광역시 남동구 소래역로 51,,176397.8,433558.5
736,1075075262,인천논현,1075,수인분당선,1075075261,1075075263,인천광역시 남동구 청능대로 567,,175427.0,433521.5
737,1075075263,호구포,1075,수인분당선,1075075262,1075075264,인천광역시 남동구 호구포로 205,,174204.1,433637.5
738,1075075264,남동인더스파크,1075,수인분당선,1075075263,1075075265,인천광역시 남동구 은청로 17,,173048.3,434308.5
739,1075075265,원인재,1075,수인분당선,1075075264,1075075266,인천광역시 연수구 벚꽃로 195,,172241.4,434928.4
740,1075075266,연수,1075,수인분당선,1075075265,1075075267,인천광역시 연수구 벚꽃로 115,,171536.4,435475.3
741,1075075267,송도,1075,수인분당선,1075075266,1075075268,인천광역시 연수구 비류대로 175,,169412.7,436818.2
742,1075075268,인하대,1075,수인분당선,1075075267,1075075269,인천광역시 남구 용현동 294-3,,168920.8,438831.3
743,1075075269,숭의,1075,수인분당선,1075075268,1075075270,인천광역시 남구 숭의동 379-72,,167786.5,440232.2
744,1001080173,탕정,1001,1호선,1001080172,1001080174,충청남도 아산시 탕정면 탕정로,,36.78827,127.082449
745,1075075270,신포,1075,수인분당선,1075075269,1075075271,인천광역시 중구 사동 26-19,,166593.4,441074.9
746,1075075271,인천,1075,수인분당선,1075075270,1075075271,인천광역시 중구 북성동 2가 14,,165927.1,441956.8
747,1008000820,복정,1008,8호선,1008000819,1008000821,서울특별시 송파구 장지동,600,211216.049,441283.4853
748,1008000821,남위례,1008,8호선,1008000820,1008000822,경기도 성남시 수정구 공원로,601,,
749,1008000822,산성,1008,8호선,1008000821,1008000823,경기도 성남시 수정구 신흥2동,7,213268.0975,439689.9393
750,1008000823,남한산성입구,1008,8호선,1008000822,1008000824,경기도 성남시 수정구 단대동,4769,214151.5888,439152.2517
751,1008000824,단대오거리,1008,8호선,1008000823,1008000825,경기도 성남시 수정구 신흥2동,2458,213874.178,438439.8257
752,1008000825,신흥,1008,8호선,1008000824,1008000826,경기도 성남시 수정구 신흥3동,2467,213066.3813,437968.0179
753,1008000826,수진,1008,8호선,1008000825,1008000827,경기도 성남시 수정구 수진1동,2204,212457.0371,437601.3677
754,1008000827,모란,1008,8호선,1008000826,1008000827,경기도 성남시 중원구 성남동,1575,211505.0278,437183.4257
755,1007000760,산곡,1007,7호선,1007000759,1007000760,인천광역시 부평구 길주로 지하379,,37.518622,126.728939
756,1007000761,석남,1007,7호선,1007000760,1007000761,인천광역시 서구 가석로 257,,37.506193,126.676203
757,1069073139,송도달빛축제공원,1069,인천1호선,1069073138,1069073139,인천광역시 연수구 인천타워대로 지하424,,,
758,1006000648,신내,1006,6호선,1006000647,1006000648,서울특별시 중랑구 망우동,320-2,209112.3,457025.0
